codigo,descripcion,orden,activo
433,ACABADO DE EDIFICIOS,1,1
1330,ACABADO DE TEXTILES,2,1
133,ACABADO DE TEXTILES,3,1
82,ACTIVIDADES ADMINISTRATIVAS DE OFICINA Y OTRAS ACTIVIDADES AUXILIARES A LAS EMPRESAS,4,1
821,ACTIVIDADES ADMINISTRATIVAS Y AUXILIARES DE OFICINA,5,1
N,ACTIVIDADES ADMINISTRATIVAS Y SERVICIOS AUXILIARES,6,1
522,ACTIVIDADES ANEXAS AL TRANSPORTE,7,1
5223,ACTIVIDADES ANEXAS AL TRANSPORTE AÉREO,8,1
5222,ACTIVIDADES ANEXAS AL TRANSPORTE MARÍTIMO Y POR VÍAS NAVEGABLES INTERIORES,9,1
5221,ACTIVIDADES ANEXAS AL TRANSPORTE TERRESTRE,10,1
9106,ACTIVIDADES ARCHIVOS,11,1
R,"ACTIVIDADES ARTÍSTICAS, RECREATIVAS Y DE ENTRETENIMIENTO",12,1
94,ACTIVIDADES ASOCIATIVAS,13,1
856,ACTIVIDADES AUXILIARES A LA EDUCACIÓN,14,1
8560,ACTIVIDADES AUXILIARES A LA EDUCACIÓN,15,1
9002,ACTIVIDADES AUXILIARES A LAS ARTES ESCÉNICAS,16,1
661,"ACTIVIDADES AUXILIARES A LOS SERVICIOS FINANCIEROS, EXCEPTO SEGUROS Y FONDOS DE PENSIONES",17,1
66,ACTIVIDADES AUXILIARES A LOS SERVICIOS FINANCIEROS Y A LOS SEGUROS,18,1
662,ACTIVIDADES AUXILIARES A SEGUROS Y FONDOS DE PENSIONES,19,1
591,"ACTIVIDADES CINEMATOGRÁFICAS, DE VÍDEO Y DE PROGRAMAS DE TELEVISIÓN",20,1
59,"ACTIVIDADES CINEMATOGRÁFICAS, DE VÍDEO Y DE PROGRAMAS DE TELEVISIÓN, GRABACIÓN DE SONIDO Y EDICIÓN MUSICAL",21,1
79,"ACTIVIDADES DE AGENCIAS DE VIAJES, OPERADORES TURÍSTICOS, SERVICIOS DE RESERVAS Y ACTIVIDADES RELACIONADAS CON LOS MISMOS",22,1
791,ACTIVIDADES DE AGENCIAS DE VIAJES Y OPERADORES TURÍSTICOS,23,1
6622,ACTIVIDADES DE AGENTES Y CORREDORES DE SEGUROS,24,1
77,ACTIVIDADES DE ALQUILER,25,1
0161,ACTIVIDADES DE APOYO A LA AGRICULTURA,26,1
016,"ACTIVIDADES DE APOYO A LA AGRICULTURA, A LA GANADERÍA Y DE PREPARACIÓN POSTERIOR A LA COSECHA",27,1
0910,ACTIVIDADES DE APOYO A LA EXTRACCIÓN DE PETRÓLEO Y GAS NATURAL,28,1
091,ACTIVIDADES DE APOYO A LA EXTRACCIÓN DE PETRÓLEO Y GAS NATURAL,29,1
0162,ACTIVIDADES DE APOYO A LA GANADERÍA,30,1
829,ACTIVIDADES DE APOYO A LAS EMPRESAS N.C.O.P.,31,1
09,ACTIVIDADES DE APOYO A LAS INDUSTRIAS EXTRACTIVAS,32,1
0990,ACTIVIDADES DE APOYO A OTRAS INDUSTRIAS EXTRACTIVAS,33,1
099,ACTIVIDADES DE APOYO A OTRAS INDUSTRIAS EXTRACTIVAS,34,1
9105,ACTIVIDADES DE BIBLIOTECAS,35,1
91,"ACTIVIDADES DE BIBLIOTECAS, ARCHIVOS, MUSEOS Y OTRAS ACTIVIDADES CULTURALES",36,1
910,"ACTIVIDADES DE BIBLIOTECAS, ARCHIVOS, MUSEOS Y OTRAS ACTIVIDADES CULTURALES",37,1
43,ACTIVIDADES DE CONSTRUCCIÓN ESPECIALIZADA,38,1
702,ACTIVIDADES DE CONSULTORÍA DE GESTIÓN EMPRESARIAL,39,1
6202,ACTIVIDADES DE CONSULTORÍA INFORMÁTICA,40,1
692,"ACTIVIDADES DE CONTABILIDAD, TENEDURÍA DE LIBROS, AUDITORÍA Y ASESORÍA FISCAL",41,1
6920,"ACTIVIDADES DE CONTABILIDAD, TENEDURÍA DE LIBROS, AUDITORÍA Y ASESORÍA FISCAL",42,1
90,"ACTIVIDADES DE CREACIÓN, ARTÍSTICAS Y ESPECTÁCULOS",43,1
900,"ACTIVIDADES DE CREACIÓN, ARTÍSTICAS Y ESPECTÁCULOS",44,1
8891,ACTIVIDADES DE CUIDADO DIURNO DE NIÑOS,45,1
39,ACTIVIDADES DE DESCONTAMINACIÓN Y OTROS SERVICIOS DE GESTIÓN DE RESIDUOS,46,1
390,ACTIVIDADES DE DESCONTAMINACIÓN Y OTROS SERVICIOS DE GESTIÓN DE RESIDUOS,47,1
3900,ACTIVIDADES DE DESCONTAMINACIÓN Y OTROS SERVICIOS DE GESTIÓN DE RESIDUOS,48,1
7410,ACTIVIDADES DE DISEÑO ESPECIALIZADO,49,1
741,ACTIVIDADES DE DISEÑO ESPECIALIZADO,50,1
5917,ACTIVIDADES DE DISTRIBUCIÓN CINEMATOGRÁFICA Y DE VÍDEO,51,1
5918,ACTIVIDADES DE DISTRIBUCIÓN DE PROGRAMAS DE TELEVISIÓN,52,1
8292,ACTIVIDADES DE ENVASADO Y EMPAQUETADO,53,1
5914,ACTIVIDADES DE EXHIBICIÓN CINEMATOGRÁFICA,54,1
8219,"ACTIVIDADES DE FOTOCOPIADO, PREPARACIÓN DE DOCUMENTOS Y OTRAS ACTIVIDADES ESPECIALIZADAS DE OFICINA",55,1
742,ACTIVIDADES DE FOTOGRAFÍA,56,1
7420,ACTIVIDADES DE FOTOGRAFÍA,57,1
6630,ACTIVIDADES DE GESTIÓN DE FONDOS,58,1
663,ACTIVIDADES DE GESTIÓN DE FONDOS,59,1
592,ACTIVIDADES DE GRABACIÓN DE SONIDO Y EDICIÓN MUSICAL,60,1
5920,ACTIVIDADES DE GRABACIÓN DE SONIDO Y EDICIÓN MUSICAL,61,1
6612,ACTIVIDADES DE INTERMEDIACIÓN EN OPERACIONES CON VALORES Y OTROS ACTIVOS,62,1
803,ACTIVIDADES DE INVESTIGACIÓN,63,1
8030,ACTIVIDADES DE INVESTIGACIÓN,64,1
813,ACTIVIDADES DE JARDINERÍA,65,1
8130,ACTIVIDADES DE JARDINERÍA,66,1
92,ACTIVIDADES DE JUEGOS DE AZAR Y APUESTAS,67,1
920,ACTIVIDADES DE JUEGOS DE AZAR Y APUESTAS,68,1
9200,ACTIVIDADES DE JUEGOS DE AZAR Y APUESTAS,69,1
8291,ACTIVIDADES DE LAS AGENCIAS DE COBROS Y DE INFORMACIÓN COMERCIAL,70,1
781,ACTIVIDADES DE LAS AGENCIAS DE COLOCACIÓN,71,1
7810,ACTIVIDADES DE LAS AGENCIAS DE COLOCACIÓN,72,1
6391,ACTIVIDADES DE LAS AGENCIAS DE NOTICIAS,73,1
7911,ACTIVIDADES DE LAS AGENCIAS DE VIAJES,74,1
782,ACTIVIDADES DE LAS EMPRESAS DE TRABAJO TEMPORAL,75,1
7820,ACTIVIDADES DE LAS EMPRESAS DE TRABAJO TEMPORAL,76,1
8553,ACTIVIDADES DE LAS ESCUELAS DE CONDUCCIÓN Y PILOTAJE,77,1
701,ACTIVIDADES DE LAS SEDES CENTRALES,78,1
7010,ACTIVIDADES DE LAS SEDES CENTRALES,79,1
70,"ACTIVIDADES DE LAS SEDES CENTRALES, ACTIVIDADES DE CONSULTORÍA DE GESTIÓN EMPRESARIAL",80,1
642,ACTIVIDADES DE LAS SOCIEDADES HOLDING,81,1
6420,ACTIVIDADES DE LAS SOCIEDADES HOLDING,82,1
812,ACTIVIDADES DE LIMPIEZA,83,1
8220,ACTIVIDADES DE LOS CENTROS DE LLAMADAS,84,1
822,ACTIVIDADES DE LOS CENTROS DE LLAMADAS,85,1
9312,ACTIVIDADES DE LOS CLUBES DEPORTIVOS,86,1
9313,ACTIVIDADES DE LOS GIMNASIOS,87,1
970,ACTIVIDADES DE LOS HOGARES COMO EMPLEADORES DE PERSONAL DOMÉSTICO,88,1
97,ACTIVIDADES DE LOS HOGARES COMO EMPLEADORES DE PERSONAL DOMÉSTICO,89,1
9700,ACTIVIDADES DE LOS HOGARES COMO EMPLEADORES DE PERSONAL DOMÉSTICO,90,1
T,"ACTIVIDADES DE LOS HOGARES COMO EMPLEADORES DE PERSONAL DOMÉSTICO, ACTIVIDADES DE LOS HOGARES COMO PRODUCTORES DE BIENES Y SERVICIOS PARA USO PROPIO",91,1
9810,ACTIVIDADES DE LOS HOGARES COMO PRODUCTORES DE BIENES PARA USO PROPIO,92,1
981,ACTIVIDADES DE LOS HOGARES COMO PRODUCTORES DE BIENES PARA USO PROPIO,93,1
98,ACTIVIDADES DE LOS HOGARES COMO PRODUCTORES DE BIENES Y SERVICIOS PARA USO PROPIO,94,1
982,ACTIVIDADES DE LOS HOGARES COMO PRODUCTORES DE SERVICIOS PARA USO PROPIO,95,1
9820,ACTIVIDADES DE LOS HOGARES COMO PRODUCTORES DE SERVICIOS PARA USO PROPIO,96,1
9104,"ACTIVIDADES DE LOS JARDINES BOTÁNICOS, PARQUES ZOOLÓGICOS Y RESERVAS NATURALES",97,1
7912,ACTIVIDADES DE LOS OPERADORES TURÍSTICOS,98,1
9321,ACTIVIDADES DE LOS PARQUES DE ATRACCIONES Y LOS PARQUES TEMÁTICOS,99,1
9604,ACTIVIDADES DE MANTENIMIENTO FÍSICO,100,1
8622,ACTIVIDADES DE MEDICINA ESPECIALIZADA,101,1
8621,ACTIVIDADES DE MEDICINA GENERAL,102,1
9102,ACTIVIDADES DE MUSEOS,103,1
941,"ACTIVIDADES DE ORGANIZACIONES EMPRESARIALES, PROFESIONALES Y PATRONALES",104,1
9411,ACTIVIDADES DE ORGANIZACIONES EMPRESARIALES Y PATRONALES,105,1
9492,ACTIVIDADES DE ORGANIZACIONES POLÍTICAS,106,1
9412,ACTIVIDADES DE ORGANIZACIONES PROFESIONALES,107,1
9491,ACTIVIDADES DE ORGANIZACIONES RELIGIOSAS,108,1
U,ACTIVIDADES DE ORGANIZACIONES Y ORGANISMOS EXTRATERRITORIALES,109,1
99,ACTIVIDADES DE ORGANIZACIONES Y ORGANISMOS EXTRATERRITORIALES,110,1
990,ACTIVIDADES DE ORGANIZACIONES Y ORGANISMOS EXTRATERRITORIALES,111,1
9900,ACTIVIDADES DE ORGANIZACIONES Y ORGANISMOS EXTRATERRITORIALES,112,1
5912,"ACTIVIDADES DE POSTPRODUCCIÓN CINEMATOGRÁFICA, DE VÍDEO Y DE PROGRAMAS DE TELEVISIÓN",113,1
0163,ACTIVIDADES DE PREPARACIÓN POSTERIOR A LA COSECHA,114,1
5915,ACTIVIDADES DE PRODUCCIÓN CINEMATOGRÁFICA Y DE VÍDEO,115,1
5916,ACTIVIDADES DE PRODUCCIÓN DE PROGRAMAS DE TELEVISIÓN,116,1
6201,ACTIVIDADES DE PROGRAMACIÓN INFORMÁTICA,117,1
60,ACTIVIDADES DE PROGRAMACIÓN Y EMISIÓN DE RADIO Y TELEVISIÓN,118,1
6020,ACTIVIDADES DE PROGRAMACIÓN Y EMISIÓN DE TELEVISIÓN,119,1
602,ACTIVIDADES DE PROGRAMACIÓN Y EMISIÓN DE TELEVISIÓN,120,1
601,ACTIVIDADES DE RADIODIFUSIÓN,121,1
6010,ACTIVIDADES DE RADIODIFUSIÓN,122,1
80,ACTIVIDADES DE SEGURIDAD E INVESTIGACIÓN,123,1
8010,ACTIVIDADES DE SEGURIDAD PRIVADA,124,1
801,ACTIVIDADES DE SEGURIDAD PRIVADA,125,1
88,ACTIVIDADES DE SERVICIOS SOCIALES SIN ALOJAMIENTO,126,1
8812,ACTIVIDADES DE SERVICIOS SOCIALES SIN ALOJAMIENTO PARA PERSONAS CON DISCAPACIDAD,127,1
8811,ACTIVIDADES DE SERVICIOS SOCIALES SIN ALOJAMIENTO PARA PERSONAS MAYORES,128,1
881,ACTIVIDADES DE SERVICIOS SOCIALES SIN ALOJAMIENTO PARA PERSONAS MAYORES Y CON DISCAPACIDAD,129,1
743,ACTIVIDADES DE TRADUCCIÓN E INTERPRETACIÓN,130,1
7430,ACTIVIDADES DE TRADUCCIÓN E INTERPRETACIÓN,131,1
931,ACTIVIDADES DEPORTIVAS,132,1
93,"ACTIVIDADES DEPORTIVAS, RECREATIVAS Y DE ENTRETENIMIENTO",133,1
K,ACTIVIDADES FINANCIERAS Y DE SEGUROS,134,1
8411,ACTIVIDADES GENERALES DE LA ADMINISTRACIÓN PÚBLICA,135,1
861,ACTIVIDADES HOSPITALARIAS,136,1
8610,ACTIVIDADES HOSPITALARIAS,137,1
L,ACTIVIDADES INMOBILIARIAS,138,1
68,ACTIVIDADES INMOBILIARIAS,139,1
683,ACTIVIDADES INMOBILIARIAS POR CUENTA DE TERCEROS,140,1
6910,ACTIVIDADES JURÍDICAS,141,1
691,ACTIVIDADES JURÍDICAS,142,1
69,ACTIVIDADES JURÍDICAS Y DE CONTABILIDAD,143,1
862,ACTIVIDADES MÉDICAS Y ODONTOLÓGICAS,144,1
8623,ACTIVIDADES ODONTOLÓGICAS,145,1
5310,ACTIVIDADES POSTALES SOMETIDAS A LA OBLIGACIÓN DEL SERVICIO UNIVERSAL,146,1
531,ACTIVIDADES POSTALES SOMETIDAS A LA OBLIGACIÓN DEL SERVICIO UNIVERSAL,147,1
53,ACTIVIDADES POSTALES Y DE CORREOS,148,1
M,"ACTIVIDADES PROFESIONALES, CIENTÍFICAS Y TÉCNICAS",149,1
932,ACTIVIDADES RECREATIVAS Y DE ENTRETENIMIENTO,150,1
78,ACTIVIDADES RELACIONADAS CON EL EMPLEO,151,1
86,ACTIVIDADES SANITARIAS,152,1
Q,ACTIVIDADES SANITARIAS Y DE SERVICIOS SOCIALES,153,1
942,ACTIVIDADES SINDICALES,154,1
9420,ACTIVIDADES SINDICALES,155,1
750,ACTIVIDADES VETERINARIAS,156,1
75,ACTIVIDADES VETERINARIAS,157,1
7500,ACTIVIDADES VETERINARIAS,158,1
032,ACUICULTURA,159,1
0322,ACUICULTURA EN AGUA DULCE,160,1
0321,ACUICULTURA MARINA,161,1
6611,ADMINISTRACIÓN DE MERCADOS FINANCIEROS,162,1
841,ADMINISTRACIÓN PÚBLICA Y DE LA POLÍTICA ECONÓMICA Y SOCIAL,163,1
O,"ADMINISTRACIÓN PÚBLICA Y DEFENSA, SEGURIDAD SOCIAL OBLIGATORIA",164,1
84,"ADMINISTRACIÓN PÚBLICA Y DEFENSA, SEGURIDAD SOCIAL OBLIGATORIA",165,1
7311,AGENCIAS DE PUBLICIDAD,166,1
6831,AGENTES DE LA PROPIEDAD INMOBILIARIA,167,1
01,"AGRICULTURA, GANADERÍA, CAZA Y SERVICIOS RELACIONADOS CON LAS MISMAS",168,1
A,"AGRICULTURA, GANADERÍA, SILVICULTURA Y PESCA",169,1
52,ALMACENAMIENTO Y ACTIVIDADES ANEXAS AL TRANSPORTE,170,1
5520,ALOJAMIENTOS TURÍSTICOS Y OTROS ALOJAMIENTOS DE CORTA ESTANCIA,171,1
552,ALOJAMIENTOS TURÍSTICOS Y OTROS ALOJAMIENTOS DE CORTA ESTANCIA,172,1
7721,ALQUILER DE ARTÍCULOS DE OCIO Y DEPORTIVOS,173,1
7711,ALQUILER DE AUTOMÓVILES Y VEHÍCULOS DE MOTOR LIGEROS,174,1
682,ALQUILER DE BIENES INMOBILIARIOS POR CUENTA PROPIA,175,1
6820,ALQUILER DE BIENES INMOBILIARIOS POR CUENTA PROPIA,176,1
7712,ALQUILER DE CAMIONES,177,1
7722,ALQUILER DE CINTAS DE VÍDEO Y DISCOS,178,1
772,ALQUILER DE EFECTOS PERSONALES Y ARTÍCULOS DE USO DOMÉSTICO,179,1
7733,"ALQUILER DE MAQUINARIA Y EQUIPO DE OFICINA, INCLUIDOS ORDENADORES",180,1
7731,ALQUILER DE MAQUINARIA Y EQUIPO DE USO AGRÍCOLA,181,1
7732,ALQUILER DE MAQUINARIA Y EQUIPO PARA LA CONSTRUCCIÓN E INGENIERÍA CIVIL,182,1
7734,ALQUILER DE MEDIOS DE NAVEGACIÓN,183,1
7735,ALQUILER DE MEDIOS DE TRANSPORTE AÉREO,184,1
773,"ALQUILER DE OTRA MAQUINARIA, EQUIPOS Y BIENES TANGIBLES",185,1
7739,"ALQUILER DE OTRA MAQUINARIA, EQUIPOS Y BIENES TANGIBLES N.C.O.P.",186,1
7729,ALQUILER DE OTROS EFECTOS PERSONALES Y ARTÍCULOS DE USO DOMÉSTICO,187,1
771,ALQUILER DE VEHÍCULOS DE MOTOR,188,1
774,"ARRENDAMIENTO DE LA PROPIEDAD INTELECTUAL Y PRODUCTOS SIMILARES, EXCEPTO TRABAJOS PROTEGIDOS POR LOS DERECHOS DE AUTOR",189,1
7740,"ARRENDAMIENTO DE LA PROPIEDAD INTELECTUAL Y PRODUCTOS SIMILARES, EXCEPTO TRABAJOS PROTEGIDOS POR LOS DERECHOS DE AUTOR",190,1
6491,ARRENDAMIENTO FINANCIERO,191,1
9001,ARTES ESCÉNICAS,192,1
18,ARTES GRÁFICAS Y REPRODUCCIÓN DE SOPORTES GRABADOS,193,1
181,ARTES GRÁFICAS Y SERVICIOS RELACIONADAS CON LAS MISMAS,194,1
161,ASERRADO Y CEPILLADO DE LA MADERA,195,1
1610,ASERRADO Y CEPILLADO DE LA MADERA,196,1
87,ASISTENCIA EN ESTABLECIMIENTOS RESIDENCIALES,197,1
8710,ASISTENCIA EN ESTABLECIMIENTOS RESIDENCIALES CON CUIDADOS SANITARIOS,198,1
871,ASISTENCIA EN ESTABLECIMIENTOS RESIDENCIALES CON CUIDADOS SANITARIOS,199,1
8732,ASISTENCIA EN ESTABLECIMIENTOS RESIDENCIALES PARA PERSONAS CON DISCAPACIDAD FÍSICA,200,1
872,"ASISTENCIA EN ESTABLECIMIENTOS RESIDENCIALES PARA PERSONAS CON DISCAPACIDAD INTELECTUAL, ENFERMEDAD MENTAL Y DROGODEPENDENCIA",201,1
8720,"ASISTENCIA EN ESTABLECIMIENTOS RESIDENCIALES PARA PERSONAS CON DISCAPACIDAD INTELECTUAL, ENFERMEDAD MENTAL Y DROGODEPENDENCIA",202,1
8731,ASISTENCIA EN ESTABLECIMIENTOS RESIDENCIALES PARA PERSONAS MAYORES,203,1
873,ASISTENCIA EN ESTABLECIMIENTOS RESIDENCIALES PARA PERSONAS MAYORES Y CON DISCAPACIDAD FÍSICA,204,1
8421,ASUNTOS EXTERIORES,205,1
0147,AVICULTURA,206,1
6411,BANCO CENTRAL,207,1
553,CAMPINGS,208,1
5530,CAMPINGS,209,1
36,"CAPTACIÓN, DEPURACIÓN Y DISTRIBUCIÓN DE AGUA",210,1
360,"CAPTACIÓN, DEPURACIÓN Y DISTRIBUCIÓN DE AGUA",211,1
3600,"CAPTACIÓN, DEPURACIÓN Y DISTRIBUCIÓN DE AGUA",212,1
017,"CAZA, CAPTURA DE ANIMALES Y SERVICIOS RELACIONADOS CON LAS MISMAS",213,1
0170,"CAZA, CAPTURA DE ANIMALES Y SERVICIOS RELACIONADOS CON LAS MISMAS",214,1
4623,COMERCIO AL POR MAYOR DE ANIMALES VIVOS,215,1
4643,COMERCIO AL POR MAYOR DE APARATOS ELECTRODOMÉSTICOS,216,1
4648,COMERCIO AL POR MAYOR DE ARTÍCULOS DE RELOJERÍA Y JOYERÍA,217,1
464,COMERCIO AL POR MAYOR DE ARTÍCULOS DE USO DOMÉSTICO,218,1
4636,"COMERCIO AL POR MAYOR DE AZÚCAR, CHOCOLATE Y CONFITERÍA",219,1
4634,COMERCIO AL POR MAYOR DE BEBIDAS,220,1
4637,"COMERCIO AL POR MAYOR DE CAFÉ, TÉ, CACAO Y ESPECIAS",221,1
4632,COMERCIO AL POR MAYOR DE CARNE Y PRODUCTOS CÁRNICOS,222,1
4621,"COMERCIO AL POR MAYOR DE CEREALES, TABACO EN RAMA, SIMIENTES Y ALIMENTOS PARA ANIMALES",223,1
4677,COMERCIO AL POR MAYOR DE CHATARRA Y PRODUCTOS DE DESECHO,224,1
4671,"COMERCIO AL POR MAYOR DE COMBUSTIBLES SÓLIDOS, LÍQUIDOS Y GASEOSOS, Y PRODUCTOS SIMILARES",225,1
4624,COMERCIO AL POR MAYOR DE CUEROS Y PIELES,226,1
4652,COMERCIO AL POR MAYOR DE EQUIPOS ELECTRÓNICOS Y DE TELECOMUNICACIONES Y SUS COMPONENTES,227,1
465,COMERCIO AL POR MAYOR DE EQUIPOS PARA LAS TECNOLOGÍAS DE LA INFORMACIÓN Y LAS COMUNICACIONES,228,1
4674,"COMERCIO AL POR MAYOR DE FERRETERÍA, FONTANERÍA Y CALEFACCIÓN",229,1
4622,COMERCIO AL POR MAYOR DE FLORES Y PLANTAS,230,1
4631,COMERCIO AL POR MAYOR DE FRUTAS Y HORTALIZAS,231,1
4673,"COMERCIO AL POR MAYOR DE MADERA, MATERIALES DE CONSTRUCCIÓN Y APARATOS SANITARIOS",232,1
4661,"COMERCIO AL POR MAYOR DE MAQUINARIA, EQUIPOS Y SUMINISTROS AGRÍCOLAS",233,1
4664,COMERCIO AL POR MAYOR DE MAQUINARIA PARA LA INDUSTRIA TEXTIL Y DE MÁQUINAS DE COSER Y TRICOTAR,234,1
4663,"COMERCIO AL POR MAYOR DE MAQUINARIA PARA LA MINERÍA, LA CONSTRUCCIÓN Y LA INGENIERÍA CIVIL",235,1
4662,COMERCIO AL POR MAYOR DE MÁQUINAS HERRAMIENTA,236,1
462,COMERCIO AL POR MAYOR DE MATERIAS PRIMAS AGRARIAS Y DE ANIMALES VIVOS,237,1
4672,COMERCIO AL POR MAYOR DE METALES Y MINERALES METÁLICOS,238,1
4647,"COMERCIO AL POR MAYOR DE MUEBLES, ALFOMBRAS Y APARATOS DE ILUMINACIÓN",239,1
4665,COMERCIO AL POR MAYOR DE MUEBLES DE OFICINA,240,1
4651,"COMERCIO AL POR MAYOR DE ORDENADORES, EQUIPOS PERIFÉRICOS Y PROGRAMAS INFORMÁTICOS",241,1
466,"COMERCIO AL POR MAYOR DE OTRA MAQUINARIA, EQUIPOS Y SUMINISTROS",242,1
4669,COMERCIO AL POR MAYOR DE OTRA MAQUINARIA Y EQUIPO,243,1
4666,COMERCIO AL POR MAYOR DE OTRA MAQUINARIA Y EQUIPO DE OFICINA,244,1
4649,COMERCIO AL POR MAYOR DE OTROS ARTÍCULOS DE USO DOMÉSTICO,245,1
4676,COMERCIO AL POR MAYOR DE OTROS PRODUCTOS SEMIELABORADOS,246,1
4638,"COMERCIO AL POR MAYOR DE PESCADOS, MARISCOS Y OTROS PRODUCTOS ALIMENTICIOS",247,1
4644,"COMERCIO AL POR MAYOR DE PORCELANA, CRISTALERÍA Y ARTÍCULOS DE LIMPIEZA",248,1
4642,COMERCIO AL POR MAYOR DE PRENDAS DE VESTIR Y CALZADO,249,1
463,"COMERCIO AL POR MAYOR DE PRODUCTOS ALIMENTICIOS, BEBIDAS Y TABACO",250,1
4645,COMERCIO AL POR MAYOR DE PRODUCTOS DE PERFUMERÍA Y COSMÉTICA,251,1
4635,COMERCIO AL POR MAYOR DE PRODUCTOS DEL TABACO,252,1
4646,COMERCIO AL POR MAYOR DE PRODUCTOS FARMACÉUTICOS,253,1
4633,"COMERCIO AL POR MAYOR DE PRODUCTOS LÁCTEOS, HUEVOS, ACEITES Y GRASAS COMESTIBLES",254,1
4675,COMERCIO AL POR MAYOR DE PRODUCTOS QUÍMICOS,255,1
4531,COMERCIO AL POR MAYOR DE REPUESTOS Y ACCESORIOS DE VEHÍCULOS DE MOTOR,256,1
4641,COMERCIO AL POR MAYOR DE TEXTILES,257,1
46,"COMERCIO AL POR MAYOR E INTERMEDIARIOS DEL COMERCIO, EXCEPTO DE VEHÍCULOS DE MOTOR Y MOTOCICLETAS",258,1
4690,COMERCIO AL POR MAYOR NO ESPECIALIZADO,259,1
469,COMERCIO AL POR MAYOR NO ESPECIALIZADO,260,1
4639,"COMERCIO AL POR MAYOR, NO ESPECIALIZADO, DE PRODUCTOS ALIMENTICIOS, BEBIDAS Y TABACO",261,1
G,"COMERCIO AL POR MAYOR Y AL POR MENOR, REPARACIÓN DE VEHÍCULOS DE MOTOR Y MOTOCICLETAS",262,1
4753,"COMERCIO AL POR MENOR DE ALFOMBRAS, MOQUETAS Y REVESTIMIENTOS DE PAREDES Y SUELOS EN ESTABLECIMIENTOS ESPECIALIZADOS",263,1
4754,COMERCIO AL POR MENOR DE APARATOS ELECTRODOMÉSTICOS EN ESTABLECIMIENTOS ESPECIALIZADOS,264,1
476,COMERCIO AL POR MENOR DE ARTÍCULOS CULTURALES Y RECREATIVOS EN ESTABLECIMIENTOS ESPECIALIZADOS,265,1
4777,COMERCIO AL POR MENOR DE ARTÍCULOS DE RELOJERÍA Y JOYERÍA EN ESTABLECIMIENTOS ESPECIALIZADOS,266,1
4779,COMERCIO AL POR MENOR DE ARTÍCULOS DE SEGUNDA MANO EN ESTABLECIMIENTOS ESPECIALIZADOS,267,1
4764,COMERCIO AL POR MENOR DE ARTÍCULOS DEPORTIVOS EN ESTABLECIMIENTOS ESPECIALIZADOS,268,1
4774,COMERCIO AL POR MENOR DE ARTÍCULOS MÉDICOS Y ORTOPÉDICOS EN ESTABLECIMIENTOS ESPECIALIZADOS,269,1
4725,COMERCIO AL POR MENOR DE BEBIDAS EN ESTABLECIMIENTOS ESPECIALIZADOS,270,1
4772,COMERCIO AL POR MENOR DE CALZADO Y ARTÍCULOS DE CUERO EN ESTABLECIMIENTOS ESPECIALIZADOS,271,1
4722,COMERCIO AL POR MENOR DE CARNE Y PRODUCTOS CÁRNICOS EN ESTABLECIMIENTOS ESPECIALIZADOS,272,1
4730,COMERCIO AL POR MENOR DE COMBUSTIBLE PARA LA AUTOMOCIÓN EN ESTABLECIMIENTOS ESPECIALIZADOS,273,1
473,COMERCIO AL POR MENOR DE COMBUSTIBLE PARA LA AUTOMOCIÓN EN ESTABLECIMIENTOS ESPECIALIZADOS,274,1
4743,COMERCIO AL POR MENOR DE EQUIPOS DE AUDIO Y VÍDEO EN ESTABLECIMIENTOS ESPECIALIZADOS,275,1
4742,COMERCIO AL POR MENOR DE EQUIPOS DE TELECOMUNICACIONES EN ESTABLECIMIENTOS ESPECIALIZADOS,276,1
474,COMERCIO AL POR MENOR DE EQUIPOS PARA LAS TECNOLOGÍAS DE LA INFORMACIÓN Y LAS COMUNICACIONES EN ESTABLECIMIENTOS ESPECIALIZADOS,277,1
4752,"COMERCIO AL POR MENOR DE FERRETERÍA, PINTURA Y VIDRIO EN ESTABLECIMIENTOS ESPECIALIZADOS",278,1
4776,"COMERCIO AL POR MENOR DE FLORES, PLANTAS, SEMILLAS, FERTILIZANTES, ANIMALES DE COMPAÑÍA Y ALIMENTOS PARA LOS MISMOS EN ESTABLECIMIENTOS ESPECIALIZADOS",279,1
4721,COMERCIO AL POR MENOR DE FRUTAS Y HORTALIZAS EN ESTABLECIMIENTOS ESPECIALIZADOS,280,1
4763,COMERCIO AL POR MENOR DE GRABACIONES DE MÚSICA Y VÍDEO EN ESTABLECIMIENTOS ESPECIALIZADOS,281,1
4765,COMERCIO AL POR MENOR DE JUEGOS Y JUGUETES EN ESTABLECIMIENTOS ESPECIALIZADOS,282,1
4761,COMERCIO AL POR MENOR DE LIBROS EN ESTABLECIMIENTOS ESPECIALIZADOS,283,1
4759,"COMERCIO AL POR MENOR DE MUEBLES, APARATOS DE ILUMINACIÓN Y OTROS ARTÍCULOS DE USO DOMÉSTICO EN ESTABLECIMIENTOS ESPECIALIZADOS",284,1
4741,"COMERCIO AL POR MENOR DE ORDENADORES, EQUIPOS PERIFÉRICOS Y PROGRAMAS INFORMÁTICOS EN ESTABLECIMIENTOS ESPECIALIZADOS",285,1
475,COMERCIO AL POR MENOR DE OTROS ARTÍCULOS DE USO DOMÉSTICO EN ESTABLECIMIENTOS ESPECIALIZADOS,286,1
477,COMERCIO AL POR MENOR DE OTROS ARTÍCULOS EN ESTABLECIMIENTOS ESPECIALIZADOS,287,1
4789,COMERCIO AL POR MENOR DE OTROS PRODUCTOS EN PUESTOS DE VENTA Y MERCADILLOS,288,1
4724,"COMERCIO AL POR MENOR DE PAN Y PRODUCTOS DE PANADERÍA, CONFITERÍA Y PASTELERÍA EN ESTABLECIMIENTOS ESPECIALIZADOS",289,1
4762,COMERCIO AL POR MENOR DE PERIÓDICOS Y ARTÍCULOS DE PAPELERÍA EN ESTABLECIMIENTOS ESPECIALIZADOS,290,1
4723,COMERCIO AL POR MENOR DE PESCADOS Y MARISCOS EN ESTABLECIMIENTOS ESPECIALIZADOS,291,1
4771,COMERCIO AL POR MENOR DE PRENDAS DE VESTIR EN ESTABLECIMIENTOS ESPECIALIZADOS,292,1
472,"COMERCIO AL POR MENOR DE PRODUCTOS ALIMENTICIOS, BEBIDAS Y TABACO EN ESTABLECIMIENTOS ESPECIALIZADOS",293,1
4781,"COMERCIO AL POR MENOR DE PRODUCTOS ALIMENTICIOS, BEBIDAS Y TABACO EN PUESTOS DE VENTA Y MERCADILLOS",294,1
4775,COMERCIO AL POR MENOR DE PRODUCTOS COSMÉTICOS E HIGIÉNICOS EN ESTABLECIMIENTOS ESPECIALIZADOS,295,1
4726,COMERCIO AL POR MENOR DE PRODUCTOS DE TABACO EN ESTABLECIMIENTOS ESPECIALIZADOS,296,1
4773,COMERCIO AL POR MENOR DE PRODUCTOS FARMACÉUTICOS EN ESTABLECIMIENTOS ESPECIALIZADOS,297,1
4782,"COMERCIO AL POR MENOR DE PRODUCTOS TEXTILES, PRENDAS DE VESTIR Y CALZADO EN PUESTOS DE VENTA Y MERCADILLOS",298,1
4532,COMERCIO AL POR MENOR DE REPUESTOS Y ACCESORIOS DE VEHÍCULOS DE MOTOR,299,1
4751,COMERCIO AL POR MENOR DE TEXTILES EN ESTABLECIMIENTOS ESPECIALIZADOS,300,1
471,COMERCIO AL POR MENOR EN ESTABLECIMIENTOS NO ESPECIALIZADOS,301,1
4711,"COMERCIO AL POR MENOR EN ESTABLECIMIENTOS NO ESPECIALIZADOS, CON PREDOMINIO EN PRODUCTOS ALIMENTICIOS, BEBIDAS Y TABACO",302,1
478,COMERCIO AL POR MENOR EN PUESTOS DE VENTA Y MERCADILLOS,303,1
47,"COMERCIO AL POR MENOR, EXCEPTO DE VEHÍCULOS DE MOTOR Y MOTOCICLETAS",304,1
479,"COMERCIO AL POR MENOR NO REALIZADO NI EN ESTABLECIMIENTOS, NI EN PUESTOS DE VENTA NI EN MERCADILLOS",305,1
4791,COMERCIO AL POR MENOR POR CORRESPONDENCIA O INTERNET,306,1
3514,COMERCIO DE ENERGÍA ELÉCTRICA,307,1
3523,COMERCIO DE GAS POR TUBERÍA,308,1
453,COMERCIO DE REPUESTOS Y ACCESORIOS DE VEHÍCULOS DE MOTOR,309,1
6810,COMPRAVENTA DE BIENES INMOBILIARIOS POR CUENTA PROPIA,310,1
681,COMPRAVENTA DE BIENES INMOBILIARIOS POR CUENTA PROPIA,311,1
1431,CONFECCIÓN DE CALCETERÍA,312,1
1439,CONFECCIÓN DE OTRAS PRENDAS DE VESTIR DE PUNTO,313,1
1413,CONFECCIÓN DE OTRAS PRENDAS DE VESTIR EXTERIORES,314,1
1419,CONFECCIÓN DE OTRAS PRENDAS DE VESTIR Y ACCESORIOS,315,1
14,CONFECCIÓN DE PRENDAS DE VESTIR,316,1
1411,CONFECCIÓN DE PRENDAS DE VESTIR DE CUERO,317,1
143,CONFECCIÓN DE PRENDAS DE VESTIR DE PUNTO,318,1
141,"CONFECCIÓN DE PRENDAS DE VESTIR, EXCEPTO DE PELETERÍA",319,1
1412,CONFECCIÓN DE ROPA DE TRABAJO,320,1
1414,CONFECCIÓN DE ROPA INTERIOR,321,1
F,CONSTRUCCIÓN,322,1
3030,CONSTRUCCIÓN AERONÁUTICA Y ESPACIAL Y SU MAQUINARIA,323,1
303,CONSTRUCCIÓN AERONÁUTICA Y ESPACIAL Y SU MAQUINARIA,324,1
3011,CONSTRUCCIÓN DE BARCOS Y ESTRUCTURAS FLOTANTES,325,1
4211,CONSTRUCCIÓN DE CARRETERAS Y AUTOPISTAS,326,1
421,"CONSTRUCCIÓN DE CARRETERAS Y VÍAS FÉRREAS, PUENTES Y TÚNELES",327,1
4391,CONSTRUCCIÓN DE CUBIERTAS,328,1
41,CONSTRUCCIÓN DE EDIFICIOS,329,1
412,CONSTRUCCIÓN DE EDIFICIOS,330,1
4122,CONSTRUCCIÓN DE EDIFICIOS NO RESIDENCIALES,331,1
4121,CONSTRUCCIÓN DE EDIFICIOS RESIDENCIALES,332,1
3012,CONSTRUCCIÓN DE EMBARCACIONES DE RECREO Y DEPORTE,333,1
429,CONSTRUCCIÓN DE OTROS PROYECTOS DE INGENIERÍA CIVIL,334,1
4299,CONSTRUCCIÓN DE OTROS PROYECTOS DE INGENIERÍA CIVIL N.C.O.P.,335,1
4213,CONSTRUCCIÓN DE PUENTES Y TÚNELES,336,1
422,CONSTRUCCIÓN DE REDES,337,1
4222,CONSTRUCCIÓN DE REDES ELÉCTRICAS Y DE TELECOMUNICACIONES,338,1
4221,CONSTRUCCIÓN DE REDES PARA FLUIDOS,339,1
4212,CONSTRUCCIÓN DE VÍAS FÉRREAS DE SUPERFICIE Y SUBTERRÁNEAS,340,1
301,CONSTRUCCIÓN NAVAL,341,1
191,COQUERÍAS,342,1
1910,COQUERÍAS,343,1
19,COQUERÍAS Y REFINO DE PETRÓLEO,344,1
2370,"CORTE, TALLADO Y ACABADO DE LA PIEDRA",345,1
237,"CORTE, TALLADO Y ACABADO DE LA PIEDRA",346,1
9003,CREACIÓN ARTÍSTICA Y LITERARIA,347,1
0112,CULTIVO DE ARROZ,348,1
0114,CULTIVO DE CAÑA DE AZÚCAR,349,1
0111,"CULTIVO DE CEREALES EXCEPTO ARROZ, LEGUMINOSAS Y SEMILLAS OLEAGINOSAS",350,1
0123,CULTIVO DE CÍTRICOS,351,1
0128,"CULTIVO DE ESPECIAS, PLANTAS AROMÁTICAS, MEDICINALES Y FARMACÉUTICAS",352,1
0124,CULTIVO DE FRUTOS CON HUESO Y PEPITAS,353,1
0126,CULTIVO DE FRUTOS OLEAGINOSOS,354,1
0122,CULTIVO DE FRUTOS TROPICALES Y SUBTROPICALES,355,1
0113,"CULTIVO DE HORTALIZAS, RAÍCES Y TUBÉRCULOS",356,1
0121,CULTIVO DE LA VID,357,1
0125,CULTIVO DE OTROS ÁRBOLES Y ARBUSTOS FRUTALES Y FRUTOS SECOS,358,1
0127,CULTIVO DE PLANTAS PARA BEBIDAS,359,1
0116,CULTIVO DE PLANTAS PARA FIBRAS TEXTILES,360,1
0115,CULTIVO DE TABACO,361,1
011,CULTIVOS NO PERENNES,362,1
012,CULTIVOS PERENNES,363,1
8422,DEFENSA,364,1
4311,DEMOLICIÓN,365,1
431,DEMOLICIÓN Y PREPARACIÓN DE TERRENOS,366,1
5210,DEPÓSITO Y ALMACENAMIENTO,367,1
521,DEPÓSITO Y ALMACENAMIENTO,368,1
1101,"DESTILACIÓN, RECTIFICACIÓN Y MEZCLA DE BEBIDAS ALCOHÓLICAS",369,1
3513,DISTRIBUCIÓN DE ENERGÍA ELÉCTRICA,370,1
3522,DISTRIBUCIÓN POR TUBERÍA DE COMBUSTIBLES GASEOSOS,371,1
58,EDICIÓN,372,1
5812,EDICIÓN DE DIRECTORIOS Y GUÍAS DE DIRECCIONES POSTALES,373,1
5811,EDICIÓN DE LIBROS,374,1
581,"EDICIÓN DE LIBROS, PERIÓDICOS Y OTRAS ACTIVIDADES EDITORIALES",375,1
5829,EDICIÓN DE OTROS PROGRAMAS INFORMÁTICOS,376,1
5813,EDICIÓN DE PERIÓDICOS,377,1
582,EDICIÓN DE PROGRAMAS INFORMÁTICOS,378,1
5814,EDICIÓN DE REVISTAS,379,1
5821,EDICIÓN DE VIDEOJUEGOS,380,1
P,EDUCACIÓN,381,1
85,EDUCACIÓN,382,1
8552,EDUCACIÓN CULTURAL,383,1
8551,EDUCACIÓN DEPORTIVA Y RECREATIVA,384,1
854,EDUCACIÓN POSTSECUNDARIA,385,1
8541,EDUCACIÓN POSTSECUNDARIA NO TERCIARIA,386,1
8510,EDUCACIÓN PREPRIMARIA,387,1
851,EDUCACIÓN PREPRIMARIA,388,1
852,EDUCACIÓN PRIMARIA,389,1
8520,EDUCACIÓN PRIMARIA,390,1
853,EDUCACIÓN SECUNDARIA,391,1
8531,EDUCACIÓN SECUNDARIA GENERAL,392,1
8532,EDUCACIÓN SECUNDARIA TÉCNICA Y PROFESIONAL,393,1
8544,EDUCACIÓN TERCIARIA NO UNIVERSITARIA,394,1
8543,EDUCACIÓN UNIVERSITARIA,395,1
1083,"ELABORACIÓN DE CAFÉ, TÉ E INFUSIONES",396,1
1084,"ELABORACIÓN DE ESPECIAS, SALSAS Y CONDIMENTOS",397,1
1052,ELABORACIÓN DE HELADOS,398,1
1104,"ELABORACIÓN DE OTRAS BEBIDAS NO DESTILADAS, PROCEDENTES DE LA FERMENTACIÓN",399,1
1089,ELABORACIÓN DE OTROS PRODUCTOS ALIMENTICIOS N.C.O.P.,400,1
1085,ELABORACIÓN DE PLATOS Y COMIDAS PREPARADOS,401,1
1086,ELABORACIÓN DE PREPARADOS ALIMENTICIOS HOMOGENEIZADOS Y ALIMENTOS DIETÉTICOS,402,1
1013,ELABORACIÓN DE PRODUCTOS CÁRNICOS Y DE VOLATERÍA,403,1
1103,ELABORACIÓN DE SIDRA Y OTRAS BEBIDAS FERMENTADAS A PARTIR DE FRUTAS,404,1
1102,ELABORACIÓN DE VINOS,405,1
1032,ELABORACIÓN DE ZUMOS DE FRUTAS Y HORTALIZAS,406,1
1814,ENCUADERNACIÓN Y SERVICIOS RELACIONADOS CON LA MISMA,407,1
712,ENSAYOS Y ANÁLISIS TÉCNICOS,408,1
7120,ENSAYOS Y ANÁLISIS TÉCNICOS,409,1
563,ESTABLECIMIENTOS DE BEBIDAS,410,1
5630,ESTABLECIMIENTOS DE BEBIDAS,411,1
2431,ESTIRADO EN FRÍO,412,1
732,ESTUDIOS DE MERCADO Y REALIZACIÓN DE ENCUESTAS DE OPINIÓN PÚBLICA,413,1
7320,ESTUDIOS DE MERCADO Y REALIZACIÓN DE ENCUESTAS DE OPINIÓN PÚBLICA,414,1
6621,EVALUACIÓN DE RIESGOS Y DAÑOS,415,1
0143,EXPLOTACIÓN DE CABALLOS Y OTROS EQUINOS,416,1
0144,EXPLOTACIÓN DE CAMELLOS Y OTROS CAMÉLIDOS,417,1
0141,EXPLOTACIÓN DE GANADO BOVINO PARA LA PRODUCCIÓN DE LECHE,418,1
0145,EXPLOTACIÓN DE GANADO OVINO Y CAPRINO,419,1
0146,EXPLOTACIÓN DE GANADO PORCINO,420,1
022,EXPLOTACIÓN DE LA MADERA,421,1
0220,EXPLOTACIÓN DE LA MADERA,422,1
0142,EXPLOTACIÓN DE OTRO GANADO BOVINO Y BÚFALOS,423,1
05,"EXTRACCIÓN DE ANTRACITA, HULLA Y LIGNITO",424,1
0510,EXTRACCIÓN DE ANTRACITA Y HULLA,425,1
051,EXTRACCIÓN DE ANTRACITA Y HULLA,426,1
061,EXTRACCIÓN DE CRUDO DE PETRÓLEO,427,1
0610,EXTRACCIÓN DE CRUDO DE PETRÓLEO,428,1
06,EXTRACCIÓN DE CRUDO DE PETRÓLEO Y GAS NATURAL,429,1
0620,EXTRACCIÓN DE GAS NATURAL,430,1
062,EXTRACCIÓN DE GAS NATURAL,431,1
0812,"EXTRACCIÓN DE GRAVAS Y ARENAS, EXTRACCIÓN DE ARCILLA Y CAOLÍN",432,1
052,EXTRACCIÓN DE LIGNITO,433,1
0520,EXTRACCIÓN DE LIGNITO,434,1
071,EXTRACCIÓN DE MINERALES DE HIERRO,435,1
0710,EXTRACCIÓN DE MINERALES DE HIERRO,436,1
0721,EXTRACCIÓN DE MINERALES DE URANIO Y TORIO,437,1
07,EXTRACCIÓN DE MINERALES METÁLICOS,438,1
072,EXTRACCIÓN DE MINERALES METÁLICOS NO FÉRREOS,439,1
0891,EXTRACCIÓN DE MINERALES PARA PRODUCTOS QUÍMICOS Y FERTILIZANTES,440,1
0729,EXTRACCIÓN DE OTROS MINERALES METÁLICOS NO FÉRREOS,441,1
081,"EXTRACCIÓN DE PIEDRA, ARENA Y ARCILLA",442,1
0811,"EXTRACCIÓN DE PIEDRA ORNAMENTAL Y PARA LA CONSTRUCCIÓN, PIEDRA CALIZA, YESO, CRETA Y PIZARRA",443,1
0893,EXTRACCIÓN DE SAL,444,1
0892,EXTRACCIÓN DE TURBA,445,1
1043,FABRICACIÓN DE ACEITE DE OLIVA,446,1
2053,FABRICACIÓN DE ACEITES ESENCIALES,447,1
104,FABRICACIÓN DE ACEITES Y GRASAS VEGETALES Y ANIMALES,448,1
2343,FABRICACIÓN DE AISLADORES Y PIEZAS AISLANTES DE MATERIAL CERÁMICO,449,1
1393,FABRICACIÓN DE ALFOMBRAS Y MOQUETAS,450,1
1062,FABRICACIÓN DE ALMIDONES Y PRODUCTOS AMILÁCEOS,451,1
2712,FABRICACIÓN DE APARATOS DE DISTRIBUCIÓN Y CONTROL ELÉCTRICO,452,1
275,FABRICACIÓN DE APARATOS DOMÉSTICOS,453,1
2752,FABRICACIÓN DE APARATOS DOMÉSTICOS NO ELÉCTRICOS,454,1
2342,FABRICACIÓN DE APARATOS SANITARIOS CERÁMICOS,455,1
2540,FABRICACIÓN DE ARMAS Y MUNICIONES,456,1
254,FABRICACIÓN DE ARMAS Y MUNICIONES,457,1
2341,FABRICACIÓN DE ARTÍCULOS CERÁMICOS DE USO DOMÉSTICO Y ORNAMENTAL,458,1
1392,"FABRICACIÓN DE ARTÍCULOS CONFECCIONADOS CON TEXTILES, EXCEPTO PRENDAS DE VESTIR",459,1
3213,FABRICACIÓN DE ARTÍCULOS DE BISUTERÍA Y ARTÍCULOS SIMILARES,460,1
2571,FABRICACIÓN DE ARTÍCULOS DE CUCHILLERÍA Y CUBERTERÍA,461,1
257,"FABRICACIÓN DE ARTÍCULOS DE CUCHILLERÍA Y CUBERTERÍA, HERRAMIENTAS Y FERRETERÍA",462,1
3230,FABRICACIÓN DE ARTÍCULOS DE DEPORTE,463,1
323,FABRICACIÓN DE ARTÍCULOS DE DEPORTE,464,1
321,"FABRICACIÓN DE ARTÍCULOS DE JOYERÍA, BISUTERÍA Y SIMILARES",465,1
3212,FABRICACIÓN DE ARTÍCULOS DE JOYERÍA Y ARTÍCULOS SIMILARES,466,1
1512,"FABRICACIÓN DE ARTÍCULOS DE MARROQUINERÍA, VIAJE Y DE GUARNICIONERÍA Y TALABARTERÍA",467,1
1722,"FABRICACIÓN DE ARTÍCULOS DE PAPEL Y CARTÓN PARA USO DOMÉSTICO, SANITARIO E HIGIÉNICO",468,1
172,FABRICACIÓN DE ARTÍCULOS DE PAPEL Y DE CARTÓN,469,1
1723,FABRICACIÓN DE ARTÍCULOS DE PAPELERÍA,470,1
142,FABRICACIÓN DE ARTÍCULOS DE PELETERÍA,471,1
1420,FABRICACIÓN DE ARTÍCULOS DE PELETERÍA,472,1
1081,FABRICACIÓN DE AZÚCAR,473,1
2331,FABRICACIÓN DE AZULEJOS Y BALDOSAS DE CERÁMICA,474,1
11,FABRICACIÓN DE BEBIDAS,475,1
110,FABRICACIÓN DE BEBIDAS,476,1
1107,"FABRICACIÓN DE BEBIDAS NO ALCOHÓLICAS, PRODUCCIÓN DE AGUAS MINERALES Y OTRAS AGUAS EMBOTELLADAS",477,1
3092,FABRICACIÓN DE BICICLETAS Y DE VEHÍCULOS PARA PERSONAS CON DISCAPACIDAD,478,1
2591,FABRICACIÓN DE BIDONES Y TONELES DE HIERRO O ACERO,479,1
2731,FABRICACIÓN DE CABLES DE FIBRA ÓPTICA,480,1
273,FABRICACIÓN DE CABLES Y DISPOSITIVOS DE CABLEADO,481,1
1082,"FABRICACIÓN DE CACAO, CHOCOLATE Y PRODUCTOS DE CONFITERÍA",482,1
2352,FABRICACIÓN DE CAL Y YESO,483,1
152,FABRICACIÓN DE CALZADO,484,1
1520,FABRICACIÓN DE CALZADO,485,1
2512,FABRICACIÓN DE CARPINTERÍA METÁLICA,486,1
2920,"FABRICACIÓN DE CARROCERÍAS PARA VEHÍCULOS DE MOTOR, FABRICACIÓN DE REMOLQUES Y SEMIRREMOLQUES",487,1
292,"FABRICACIÓN DE CARROCERÍAS PARA VEHÍCULOS DE MOTOR, FABRICACIÓN DE REMOLQUES Y SEMIRREMOLQUES",488,1
2017,FABRICACIÓN DE CAUCHO SINTÉTICO EN FORMAS PRIMARIAS,489,1
2351,FABRICACIÓN DE CEMENTO,490,1
235,"FABRICACIÓN DE CEMENTO, CAL Y YESO",491,1
2572,FABRICACIÓN DE CERRADURAS Y HERRAJES,492,1
1105,FABRICACIÓN DE CERVEZA,493,1
1621,FABRICACIÓN DE CHAPAS Y TABLEROS DE MADERA,494,1
2612,FABRICACIÓN DE CIRCUITOS IMPRESOS ENSAMBLADOS,495,1
252,"FABRICACIÓN DE CISTERNAS, GRANDES DEPÓSITOS Y CONTENEDORES DE METAL",496,1
2815,"FABRICACIÓN DE COJINETES, ENGRANAJES Y ÓRGANOS MECÁNICOS DE TRANSMISIÓN",497,1
2052,FABRICACIÓN DE COLAS,498,1
3103,FABRICACIÓN DE COLCHONES,499,1
2012,FABRICACIÓN DE COLORANTES Y PIGMENTOS,500,1
2611,FABRICACIÓN DE COMPONENTES ELECTRÓNICOS,501,1
261,FABRICACIÓN DE COMPONENTES ELECTRÓNICOS Y CIRCUITOS IMPRESOS ENSAMBLADOS,502,1
293,"FABRICACIÓN DE COMPONENTES, PIEZAS Y ACCESORIOS PARA VEHÍCULOS DE MOTOR",503,1
1022,FABRICACIÓN DE CONSERVAS DE PESCADO,504,1
1394,"FABRICACIÓN DE CUERDAS, CORDELES, BRAMANTES Y REDES",505,1
2733,FABRICACIÓN DE DISPOSITIVOS DE CABLEADO,506,1
2751,FABRICACIÓN DE ELECTRODOMÉSTICOS,507,1
236,"FABRICACIÓN DE ELEMENTOS DE HORMIGÓN, CEMENTO Y YESO",508,1
2361,FABRICACIÓN DE ELEMENTOS DE HORMIGÓN PARA LA CONSTRUCCIÓN,509,1
2362,FABRICACIÓN DE ELEMENTOS DE YESO PARA LA CONSTRUCCIÓN,510,1
251,FABRICACIÓN DE ELEMENTOS METÁLICOS PARA LA CONSTRUCCIÓN,511,1
1624,FABRICACIÓN DE ENVASES Y EMBALAJES DE MADERA,512,1
2222,FABRICACIÓN DE ENVASES Y EMBALAJES DE PLÁSTICO,513,1
2592,FABRICACIÓN DE ENVASES Y EMBALAJES METÁLICOS LIGEROS,514,1
266,"FABRICACIÓN DE EQUIPOS DE RADIACIÓN, ELECTROMÉDICOS Y ELECTROTERAPÉUTICOS",515,1
2660,"FABRICACIÓN DE EQUIPOS DE RADIACIÓN, ELECTROMÉDICOS Y ELECTROTERAPÉUTICOS",516,1
263,FABRICACIÓN DE EQUIPOS DE TELECOMUNICACIONES,517,1
2630,FABRICACIÓN DE EQUIPOS DE TELECOMUNICACIONES,518,1
2812,FABRICACIÓN DE EQUIPOS DE TRANSMISIÓN HIDRÁULICA Y NEUMÁTICA,519,1
2931,FABRICACIÓN DE EQUIPOS ELÉCTRICOS Y ELECTRÓNICOS PARA VEHÍCULOS DE MOTOR,520,1
3291,"FABRICACIÓN DE ESCOBAS, BROCHAS Y CEPILLOS",521,1
212,FABRICACIÓN DE ESPECIALIDADES FARMACÉUTICAS,522,1
2120,FABRICACIÓN DE ESPECIALIDADES FARMACÉUTICAS,523,1
2511,FABRICACIÓN DE ESTRUCTURAS METÁLICAS Y SUS COMPONENTES,524,1
2051,FABRICACIÓN DE EXPLOSIVOS,525,1
2015,FABRICACIÓN DE FERTILIZANTES Y COMPUESTOS NITROGENADOS,526,1
2314,FABRICACIÓN DE FIBRA DE VIDRIO,527,1
206,FABRICACIÓN DE FIBRAS ARTIFICIALES Y SINTÉTICAS,528,1
2060,FABRICACIÓN DE FIBRAS ARTIFICIALES Y SINTÉTICAS,529,1
2365,FABRICACIÓN DE FIBROCEMENTO,530,1
1072,FABRICACIÓN DE GALLETAS Y PRODUCTOS DE PANADERÍA Y PASTELERÍA DE LARGA DURACIÓN,531,1
2011,FABRICACIÓN DE GASES INDUSTRIALES,532,1
253,"FABRICACIÓN DE GENERADORES DE VAPOR, EXCEPTO CALDERAS PARA CALEFACCIÓN CENTRAL",533,1
2530,"FABRICACIÓN DE GENERADORES DE VAPOR, EXCEPTO CALDERAS PARA CALEFACCIÓN CENTRAL",534,1
2573,FABRICACIÓN DE HERRAMIENTAS,535,1
2824,FABRICACIÓN DE HERRAMIENTAS ELÉCTRICAS MANUALES,536,1
2363,FABRICACIÓN DE HORMIGÓN FRESCO,537,1
2821,FABRICACIÓN DE HORNOS Y QUEMADORES,538,1
267,FABRICACIÓN DE INSTRUMENTOS DE ÓPTICA Y EQUIPO FOTOGRÁFICO,539,1
2670,FABRICACIÓN DE INSTRUMENTOS DE ÓPTICA Y EQUIPO FOTOGRÁFICO,540,1
3220,FABRICACIÓN DE INSTRUMENTOS MUSICALES,541,1
322,FABRICACIÓN DE INSTRUMENTOS MUSICALES,542,1
2651,"FABRICACIÓN DE INSTRUMENTOS Y APARATOS DE MEDIDA, VERIFICACIÓN Y NAVEGACIÓN",543,1
265,"FABRICACIÓN DE INSTRUMENTOS Y APARATOS DE MEDIDA, VERIFICACIÓN Y NAVEGACIÓN, FABRICACIÓN DE RELOJES",544,1
325,FABRICACIÓN DE INSTRUMENTOS Y SUMINISTROS MÉDICOS Y ODONTOLÓGICOS,545,1
3250,FABRICACIÓN DE INSTRUMENTOS Y SUMINISTROS MÉDICOS Y ODONTOLÓGICOS,546,1
2041,"FABRICACIÓN DE JABONES, DETERGENTES Y OTROS ARTÍCULOS DE LIMPIEZA Y ABRILLANTAMIENTO",547,1
204,"FABRICACIÓN DE JABONES, DETERGENTES Y OTROS ARTÍCULOS DE LIMPIEZA Y ABRILLANTAMIENTO, FABRICACIÓN DE PERFUMES Y COSMÉTICOS",548,1
324,FABRICACIÓN DE JUEGOS Y JUGUETES,549,1
3240,FABRICACIÓN DE JUEGOS Y JUGUETES,550,1
2332,"FABRICACIÓN DE LADRILLOS, TEJAS Y PRODUCTOS DE TIERRAS COCIDAS PARA LA CONSTRUCCIÓN",551,1
274,FABRICACIÓN DE LÁMPARAS Y APARATOS ELÉCTRICOS DE ILUMINACIÓN,552,1
2740,FABRICACIÓN DE LÁMPARAS Y APARATOS ELÉCTRICOS DE ILUMINACIÓN,553,1
302,FABRICACIÓN DE LOCOMOTORAS Y MATERIAL FERROVIARIO,554,1
3020,FABRICACIÓN DE LOCOMOTORAS Y MATERIAL FERROVIARIO,555,1
1106,FABRICACIÓN DE MALTA,556,1
2830,FABRICACIÓN DE MAQUINARIA AGRARIA Y FORESTAL,557,1
283,FABRICACIÓN DE MAQUINARIA AGRARIA Y FORESTAL,558,1
2822,FABRICACIÓN DE MAQUINARIA DE ELEVACIÓN Y MANIPULACIÓN,559,1
281,FABRICACIÓN DE MAQUINARIA DE USO GENERAL,560,1
2825,FABRICACIÓN DE MAQUINARIA DE VENTILACIÓN Y REFRIGERACIÓN NO DOMÉSTICA,561,1
2893,"FABRICACIÓN DE MAQUINARIA PARA LA INDUSTRIA DE LA ALIMENTACIÓN, BEBIDAS Y TABACO",562,1
2895,FABRICACIÓN DE MAQUINARIA PARA LA INDUSTRIA DEL PAPEL Y DEL CARTÓN,563,1
2891,FABRICACIÓN DE MAQUINARIA PARA LA INDUSTRIA METALÚRGICA,564,1
2896,FABRICACIÓN DE MAQUINARIA PARA LAS INDUSTRIAS DEL PLÁSTICO Y DEL CAUCHO,565,1
2892,FABRICACIÓN DE MAQUINARIA PARA LAS INDUSTRIAS EXTRACTIVAS Y DE LA CONSTRUCCIÓN,566,1
2894,"FABRICACIÓN DE MAQUINARIA PARA LAS INDUSTRIAS TEXTIL, DE LA CONFECCIÓN Y DEL CUERO",567,1
28,FABRICACIÓN DE MAQUINARIA Y EQUIPO N.C.O.P.,568,1
2841,FABRICACIÓN DE MAQUINAS HERRAMIENTA PARA TRABAJAR EL METAL,569,1
284,FABRICACIÓN DE MAQUINAS HERRAMIENTA PARA TRABAJAR EL METAL Y OTRAS MÁQUINAS HERRAMIENTA,570,1
2823,"FABRICACIÓN DE MÁQUINAS Y EQUIPOS DE OFICINA, EXCEPTO EQUIPOS INFORMÁTICOS",571,1
1042,FABRICACIÓN DE MARGARINA Y GRASAS COMESTIBLES SIMILARES,572,1
309,FABRICACIÓN DE MATERIAL DE TRANSPORTE N.C.O.P.,573,1
27,FABRICACIÓN DE MATERIAL Y EQUIPO ELÉCTRICO,574,1
3211,FABRICACIÓN DE MONEDAS,575,1
2364,FABRICACIÓN DE MORTERO,576,1
3091,FABRICACIÓN DE MOTOCICLETAS,577,1
2711,"FABRICACIÓN DE MOTORES, GENERADORES Y TRANSFORMADORES ELÉCTRICOS",578,1
271,"FABRICACIÓN DE MOTORES, GENERADORES Y TRANSFORMADORES ELÉCTRICOS, Y DE APARATOS DE DISTRIBUCIÓN Y CONTROL ELÉCTRICO",579,1
2811,"FABRICACIÓN DE MOTORES Y TURBINAS, EXCEPTO LOS DESTINADOS A AERONAVES, VEHÍCULOS AUTOMÓVILES Y CICLOMOTORES",580,1
310,FABRICACIÓN DE MUEBLES,581,1
31,FABRICACIÓN DE MUEBLES,582,1
3102,FABRICACIÓN DE MUEBLES DE COCINA,583,1
3101,FABRICACIÓN DE MUEBLES DE OFICINA Y DE ESTABLECIMIENTOS COMERCIALES,584,1
2211,"FABRICACIÓN DE NEUMÁTICOS Y CÁMARAS DE CAUCHO, RECONSTRUCCIÓN Y RECAUCHUTADO DE NEUMÁTICOS",585,1
262,FABRICACIÓN DE ORDENADORES Y EQUIPOS PERIFÉRICOS,586,1
2620,FABRICACIÓN DE ORDENADORES Y EQUIPOS PERIFÉRICOS,587,1
2814,FABRICACIÓN DE OTRA GRIFERÍA Y VÁLVULAS,588,1
282,FABRICACIÓN DE OTRA MAQUINARIA DE USO GENERAL,589,1
2829,FABRICACIÓN DE OTRA MAQUINARIA DE USO GENERAL N.C.O.P.,590,1
289,FABRICACIÓN DE OTRA MAQUINARIA PARA USOS ESPECÍFICOS,591,1
2899,FABRICACIÓN DE OTRA MAQUINARIA PARA USOS ESPECÍFICOS N.C.O.P.,592,1
2813,FABRICACIÓN DE OTRAS BOMBAS Y COMPRESORES,593,1
2529,"FABRICACIÓN DE OTRAS CISTERNAS, GRANDES DEPÓSITOS Y CONTENEDORES DE METAL",594,1
1623,FABRICACIÓN DE OTRAS ESTRUCTURAS DE MADERA Y PIEZAS DE CARPINTERÍA Y EBANISTERÍA PARA LA CONSTRUCCIÓN,595,1
2849,FABRICACIÓN DE OTRAS MÁQUINAS HERRAMIENTA,596,1
30,FABRICACIÓN DE OTRO MATERIAL DE TRANSPORTE,597,1
3099,FABRICACIÓN DE OTRO MATERIAL DE TRANSPORTE N.C.O.P.,598,1
2790,FABRICACIÓN DE OTRO MATERIAL Y EQUIPO ELÉCTRICO,599,1
279,FABRICACIÓN DE OTRO MATERIAL Y EQUIPO ELÉCTRICO,600,1
1044,FABRICACIÓN DE OTROS ACEITES Y GRASAS,601,1
1729,FABRICACIÓN DE OTROS ARTÍCULOS DE PAPEL Y CARTÓN,602,1
2932,"FABRICACIÓN DE OTROS COMPONENTES, PIEZAS Y ACCESORIOS PARA VEHÍCULOS DE MOTOR",603,1
2732,FABRICACIÓN DE OTROS HILOS Y CABLES ELECTRÓNICOS Y ELÉCTRICOS,604,1
3109,FABRICACIÓN DE OTROS MUEBLES,605,1
108,FABRICACIÓN DE OTROS PRODUCTOS ALIMENTICIOS,606,1
2013,FABRICACIÓN DE OTROS PRODUCTOS BÁSICOS DE QUÍMICA INORGÁNICA,607,1
2014,FABRICACIÓN DE OTROS PRODUCTOS BÁSICOS DE QUÍMICA ORGÁNICA,608,1
234,FABRICACIÓN DE OTROS PRODUCTOS CERÁMICOS,609,1
2349,FABRICACIÓN DE OTROS PRODUCTOS CERÁMICOS,610,1
2344,FABRICACIÓN DE OTROS PRODUCTOS CERÁMICOS DE USO TÉCNICO,611,1
2219,FABRICACIÓN DE OTROS PRODUCTOS DE CAUCHO,612,1
2369,"FABRICACIÓN DE OTROS PRODUCTOS DE HORMIGÓN, YESO Y CEMENTO",613,1
1629,"FABRICACIÓN DE OTROS PRODUCTOS DE MADERA, ARTÍCULOS DE CORCHO, CESTERÍA Y ESPARTERÍA",614,1
2229,FABRICACIÓN DE OTROS PRODUCTOS DE PLÁSTICO,615,1
243,FABRICACIÓN DE OTROS PRODUCTOS DE PRIMERA TRANSFORMACIÓN DEL ACERO,616,1
259,FABRICACIÓN DE OTROS PRODUCTOS METÁLICOS,617,1
2599,FABRICACIÓN DE OTROS PRODUCTOS METÁLICOS N.C.O.P.,618,1
23,FABRICACIÓN DE OTROS PRODUCTOS MINERALES NO METÁLICOS,619,1
2399,FABRICACIÓN DE OTROS PRODUCTOS MINERALES NO METÁLICOS N.C.O.P.,620,1
205,FABRICACIÓN DE OTROS PRODUCTOS QUÍMICOS,621,1
2059,FABRICACIÓN DE OTROS PRODUCTOS QUÍMICOS N.C.O.P.,622,1
139,FABRICACIÓN DE OTROS PRODUCTOS TEXTILES,623,1
1396,FABRICACIÓN DE OTROS PRODUCTOS TEXTILES DE USO TÉCNICO E INDUSTRIAL,624,1
1399,FABRICACIÓN DE OTROS PRODUCTOS TEXTILES N.C.O.P.,625,1
1071,FABRICACIÓN DE PAN Y DE PRODUCTOS FRESCOS DE PANADERÍA Y PASTELERÍA,626,1
1712,FABRICACIÓN DE PAPEL Y CARTÓN,627,1
1721,"FABRICACIÓN DE PAPEL Y CARTÓN ONDULADOS, FABRICACIÓN DE ENVASES Y EMBALAJES DE PAPEL Y CARTÓN",628,1
1724,FABRICACIÓN DE PAPELES PINTADOS,629,1
1711,FABRICACIÓN DE PASTA PAPELERA,630,1
171,"FABRICACIÓN DE PASTA PAPELERA, PAPEL Y CARTÓN",631,1
1073,"FABRICACIÓN DE PASTAS ALIMENTICIAS, CUSCÚS Y PRODUCTOS SIMILARES",632,1
2042,FABRICACIÓN DE PERFUMES Y COSMÉTICOS,633,1
2594,FABRICACIÓN DE PERNOS Y PRODUCTOS DE TORNILLERÍA,634,1
2020,FABRICACIÓN DE PESTICIDAS Y OTROS PRODUCTOS AGROQUÍMICOS,635,1
202,FABRICACIÓN DE PESTICIDAS Y OTROS PRODUCTOS AGROQUÍMICOS,636,1
2720,FABRICACIÓN DE PILAS Y ACUMULADORES ELÉCTRICOS,637,1
272,FABRICACIÓN DE PILAS Y ACUMULADORES ELÉCTRICOS,638,1
203,"FABRICACIÓN DE PINTURAS, BARNICES Y REVESTIMIENTOS SIMILARES, TINTAS DE IMPRENTA Y MASILLAS",639,1
2030,"FABRICACIÓN DE PINTURAS, BARNICES Y REVESTIMIENTOS SIMILARES, TINTAS DE IMPRENTA Y MASILLAS",640,1
2221,"FABRICACIÓN DE PLACAS, HOJAS, TUBOS Y PERFILES DE PLÁSTICO",641,1
2016,FABRICACIÓN DE PLÁSTICOS EN FORMAS PRIMARIAS,642,1
2391,FABRICACIÓN DE PRODUCTOS ABRASIVOS,643,1
239,FABRICACIÓN DE PRODUCTOS ABRASIVOS Y PRODUCTOS MINERALES NO METÁLICOS N.C.O.P.,644,1
2410,"FABRICACIÓN DE PRODUCTOS BÁSICOS DE HIERRO, ACERO Y FERROALEACIONES",645,1
241,"FABRICACIÓN DE PRODUCTOS BÁSICOS DE HIERRO, ACERO Y FERROALEACIONES",646,1
233,FABRICACIÓN DE PRODUCTOS CERÁMICOS PARA LA CONSTRUCCIÓN,647,1
232,FABRICACIÓN DE PRODUCTOS CERÁMICOS REFRACTARIOS,648,1
2320,FABRICACIÓN DE PRODUCTOS CERÁMICOS REFRACTARIOS,649,1
2593,"FABRICACIÓN DE PRODUCTOS DE ALAMBRE, CADENAS Y MUELLES",650,1
221,FABRICACIÓN DE PRODUCTOS DE CAUCHO,651,1
22,FABRICACIÓN DE PRODUCTOS DE CAUCHO Y PLÁSTICOS,652,1
162,"FABRICACIÓN DE PRODUCTOS DE MADERA, CORCHO, CESTERÍA Y ESPARTERÍA",653,1
1061,FABRICACIÓN DE PRODUCTOS DE MOLINERÍA,654,1
106,"FABRICACIÓN DE PRODUCTOS DE MOLINERÍA, ALMIDONES Y PRODUCTOS AMILÁCEOS",655,1
107,FABRICACIÓN DE PRODUCTOS DE PANADERÍA Y PASTAS ALIMENTICIAS,656,1
222,FABRICACIÓN DE PRODUCTOS DE PLÁSTICO,657,1
2223,FABRICACIÓN DE PRODUCTOS DE PLÁSTICO PARA LA CONSTRUCCIÓN,658,1
2640,FABRICACIÓN DE PRODUCTOS ELECTRÓNICOS DE CONSUMO,659,1
264,FABRICACIÓN DE PRODUCTOS ELECTRÓNICOS DE CONSUMO,660,1
21,FABRICACIÓN DE PRODUCTOS FARMACÉUTICOS,661,1
2110,FABRICACIÓN DE PRODUCTOS FARMACÉUTICOS DE BASE,662,1
211,FABRICACIÓN DE PRODUCTOS FARMACÉUTICOS DE BASE,663,1
26,"FABRICACIÓN DE PRODUCTOS INFORMÁTICOS, ELECTRÓNICOS Y ÓPTICOS",664,1
105,FABRICACIÓN DE PRODUCTOS LÁCTEOS,665,1
25,"FABRICACIÓN DE PRODUCTOS METÁLICOS, EXCEPTO MAQUINARIA Y EQUIPO",666,1
109,FABRICACIÓN DE PRODUCTOS PARA LA ALIMENTACIÓN ANIMAL,667,1
1092,FABRICACIÓN DE PRODUCTOS PARA LA ALIMENTACIÓN DE ANIMALES DE COMPAÑÍA,668,1
1091,FABRICACIÓN DE PRODUCTOS PARA LA ALIMENTACIÓN DE ANIMALES DE GRANJA,669,1
201,"FABRICACIÓN DE PRODUCTOS QUÍMICOS BÁSICOS, COMPUESTOS NITROGENADOS, FERTILIZANTES, PLÁSTICOS Y CAUCHO SINTÉTICO EN FORMAS PRIMARIAS",670,1
1053,FABRICACIÓN DE QUESOS,671,1
2521,FABRICACIÓN DE RADIADORES Y CALDERAS PARA CALEFACCIÓN CENTRAL,672,1
2652,FABRICACIÓN DE RELOJES,673,1
2680,FABRICACIÓN DE SOPORTES MAGNÉTICOS Y ÓPTICOS,674,1
268,FABRICACIÓN DE SOPORTES MAGNÉTICOS Y ÓPTICOS,675,1
1622,FABRICACIÓN DE SUELOS DE MADERA ENSAMBLADOS,676,1
1391,FABRICACIÓN DE TEJIDOS DE PUNTO,677,1
132,FABRICACIÓN DE TEJIDOS TEXTILES,678,1
1320,FABRICACIÓN DE TEJIDOS TEXTILES,679,1
1395,"FABRICACIÓN DE TELAS NO TEJIDAS Y ARTÍCULOS CONFECCIONADOS CON ELLAS, EXCEPTO PRENDAS DE VESTIR",680,1
2420,"FABRICACIÓN DE TUBOS, TUBERÍAS, PERFILES HUECOS Y SUS ACCESORIOS, DE ACERO",681,1
242,"FABRICACIÓN DE TUBOS, TUBERÍAS, PERFILES HUECOS Y SUS ACCESORIOS, DE ACERO",682,1
2910,FABRICACIÓN DE VEHÍCULOS DE MOTOR,683,1
291,FABRICACIÓN DE VEHÍCULOS DE MOTOR,684,1
29,"FABRICACIÓN DE VEHÍCULOS DE MOTOR, REMOLQUES Y SEMIRREMOLQUES",685,1
3040,FABRICACIÓN DE VEHÍCULOS MILITARES DE COMBATE,686,1
304,FABRICACIÓN DE VEHÍCULOS MILITARES DE COMBATE,687,1
2313,FABRICACIÓN DE VIDRIO HUECO,688,1
2311,FABRICACIÓN DE VIDRIO PLANO,689,1
231,FABRICACIÓN DE VIDRIO Y PRODUCTOS DE VIDRIO,690,1
2319,"FABRICACIÓN Y MANIPULADO DE OTRO VIDRIO, INCLUIDO EL VIDRIO TÉCNICO",691,1
6530,FONDOS DE PENSIONES,692,1
653,FONDOS DE PENSIONES,693,1
4322,"FONTANERÍA, INSTALACIONES DE SISTEMAS DE CALEFACCIÓN Y AIRE ACONDICIONADO",694,1
2550,"FORJA, ESTAMPACIÓN Y EMBUTICIÓN DE METALES, METALURGIA DE POLVOS",695,1
255,"FORJA, ESTAMPACIÓN Y EMBUTICIÓN DE METALES, METALURGIA DE POLVOS",696,1
2452,FUNDICIÓN DE ACERO,697,1
2451,FUNDICIÓN DE HIERRO,698,1
245,FUNDICIÓN DE METALES,699,1
2453,FUNDICIÓN DE METALES LIGEROS,700,1
2454,FUNDICIÓN DE OTROS METALES NO FÉRREOS,701,1
9311,GESTIÓN DE INSTALACIONES DEPORTIVAS,702,1
9103,GESTIÓN DE LUGARES Y EDIFICIOS HISTÓRICOS,703,1
6203,GESTIÓN DE RECURSOS INFORMÁTICOS,704,1
9004,GESTIÓN DE SALAS DE ESPECTÁCULOS,705,1
6832,GESTIÓN Y ADMINISTRACIÓN DE LA PROPIEDAD INMOBILIARIA,706,1
I,HOSTELERÍA,707,1
5510,HOTELES Y ALOJAMIENTOS SIMILARES,708,1
551,HOTELES Y ALOJAMIENTOS SIMILARES,709,1
1811,IMPRESIÓN DE PERIÓDICOS,710,1
10,INDUSTRIA DE LA ALIMENTACIÓN,711,1
16,"INDUSTRIA DE LA MADERA Y DEL CORCHO, EXCEPTO MUEBLES, CESTERÍA Y ESPARTERÍA",712,1
15,INDUSTRIA DEL CUERO Y DEL CALZADO,713,1
17,INDUSTRIA DEL PAPEL,714,1
1200,INDUSTRIA DEL TABACO,715,1
12,INDUSTRIA DEL TABACO,716,1
120,INDUSTRIA DEL TABACO,717,1
C,INDUSTRIA MANUFACTURERA,718,1
20,INDUSTRIA QUÍMICA,719,1
13,INDUSTRIA TEXTIL,720,1
B,INDUSTRIAS EXTRACTIVAS,721,1
089,INDUSTRIAS EXTRACTIVAS N.C.O.P.,722,1
329,INDUSTRIAS MANUFACTURERAS N.C.O.P.,723,1
J,INFORMACIÓN Y COMUNICACIONES,724,1
42,INGENIERÍA CIVIL,725,1
2562,INGENIERÍA MECÁNICA POR CUENTA DE TERCEROS,726,1
4332,INSTALACIÓN DE CARPINTERÍA,727,1
332,INSTALACIÓN DE MÁQUINAS Y EQUIPOS INDUSTRIALES,728,1
3320,INSTALACIÓN DE MÁQUINAS Y EQUIPOS INDUSTRIALES,729,1
4321,INSTALACIONES ELÉCTRICAS,730,1
432,"INSTALACIONES ELÉCTRICAS, DE FONTANERÍA Y OTRAS INSTALACIONES EN OBRAS DE CONSTRUCCIÓN",731,1
641,INTERMEDIACIÓN MONETARIA,732,1
461,INTERMEDIARIOS DEL COMERCIO,733,1
4612,"INTERMEDIARIOS DEL COMERCIO DE COMBUSTIBLES, MINERALES, METALES Y PRODUCTOS QUÍMICOS INDUSTRIALES",734,1
4613,INTERMEDIARIOS DEL COMERCIO DE LA MADERA Y MATERIALES DE CONSTRUCCIÓN,735,1
4614,"INTERMEDIARIOS DEL COMERCIO DE MAQUINARIA, EQUIPO INDUSTRIAL, EMBARCACIONES Y AERONAVES",736,1
4611,"INTERMEDIARIOS DEL COMERCIO DE MATERIAS PRIMAS AGRARIAS, ANIMALES VIVOS, MATERIAS PRIMAS TEXTILES Y PRODUCTOS SEMIELABORADOS",737,1
4615,"INTERMEDIARIOS DEL COMERCIO DE MUEBLES, ARTÍCULOS PARA EL HOGAR Y FERRETERÍA",738,1
4617,"INTERMEDIARIOS DEL COMERCIO DE PRODUCTOS ALIMENTICIOS, BEBIDAS Y TABACO",739,1
4619,INTERMEDIARIOS DEL COMERCIO DE PRODUCTOS DIVERSOS,740,1
4616,"INTERMEDIARIOS DEL COMERCIO DE TEXTILES, PRENDAS DE VESTIR, PELETERÍA, CALZADO Y ARTÍCULOS DE CUERO",741,1
4618,INTERMEDIARIOS DEL COMERCIO ESPECIALIZADOS EN LA VENTA DE OTROS PRODUCTOS ESPECÍFICOS,742,1
643,"INVERSIÓN COLECTIVA, FONDOS Y ENTIDADES FINANCIERAS SIMILARES",743,1
6430,"INVERSIÓN COLECTIVA, FONDOS Y ENTIDADES FINANCIERAS SIMILARES",744,1
72,INVESTIGACIÓN Y DESARROLLO,745,1
7211,INVESTIGACIÓN Y DESARROLLO EXPERIMENTAL EN BIOTECNOLOGÍA,746,1
721,INVESTIGACIÓN Y DESARROLLO EXPERIMENTAL EN CIENCIAS NATURALES Y TÉCNICAS,747,1
722,INVESTIGACIÓN Y DESARROLLO EXPERIMENTAL EN CIENCIAS SOCIALES Y HUMANIDADES,748,1
7220,INVESTIGACIÓN Y DESARROLLO EXPERIMENTAL EN CIENCIAS SOCIALES Y HUMANIDADES,749,1
8423,JUSTICIA,750,1
2432,LAMINACIÓN EN FRÍO,751,1
9601,LAVADO Y LIMPIEZA DE PRENDAS TEXTILES Y DE PIEL,752,1
8121,LIMPIEZA GENERAL DE EDIFICIOS,753,1
5224,MANIPULACIÓN DE MERCANCÍAS,754,1
2312,MANIPULADO Y TRANSFORMACIÓN DE VIDRIO PLANO,755,1
452,MANTENIMIENTO Y REPARACIÓN DE VEHÍCULOS DE MOTOR,756,1
4520,MANTENIMIENTO Y REPARACIÓN DE VEHÍCULOS DE MOTOR,757,1
24,"METALURGIA, FABRICACIÓN DE PRODUCTOS DE HIERRO, ACERO Y FERROALEACIONES",758,1
4291,OBRAS HIDRÁULICAS,759,1
8424,ORDEN PÚBLICO Y SEGURIDAD,760,1
823,ORGANIZACIÓN DE CONVENCIONES Y FERIAS DE MUESTRAS,761,1
8230,ORGANIZACIÓN DE CONVENCIONES Y FERIAS DE MUESTRAS,762,1
855,OTRA EDUCACIÓN,763,1
8559,OTRA EDUCACIÓN N.C.O.P.,764,1
6419,OTRA INTERMEDIACIÓN MONETARIA,765,1
7219,OTRA INVESTIGACIÓN Y DESARROLLO EXPERIMENTAL EN CIENCIAS NATURALES Y TÉCNICAS,766,1
7830,OTRA PROVISIÓN DE RECURSOS HUMANOS,767,1
783,OTRA PROVISIÓN DE RECURSOS HUMANOS,768,1
5229,OTRAS ACTIVIDADES ANEXAS AL TRANSPORTE,769,1
949,OTRAS ACTIVIDADES ASOCIATIVAS,770,1
9499,OTRAS ACTIVIDADES ASOCIATIVAS N.C.O.P.,771,1
6619,"OTRAS ACTIVIDADES AUXILIARES A LOS SERVICIOS FINANCIEROS, EXCEPTO SEGUROS Y FONDOS DE PENSIONES",772,1
6629,OTRAS ACTIVIDADES AUXILIARES A SEGUROS Y FONDOS DE PENSIONES,773,1
6492,OTRAS ACTIVIDADES CREDITICIAS,774,1
8299,OTRAS ACTIVIDADES DE APOYO A LAS EMPRESAS N.C.O.P.,775,1
879,OTRAS ACTIVIDADES DE ASISTENCIA EN ESTABLECIMIENTOS RESIDENCIALES,776,1
8790,OTRAS ACTIVIDADES DE ASISTENCIA EN ESTABLECIMIENTOS RESIDENCIALES,777,1
439,OTRAS ACTIVIDADES DE CONSTRUCCIÓN ESPECIALIZADA,778,1
4399,OTRAS ACTIVIDADES DE CONSTRUCCIÓN ESPECIALIZADA N.C.O.P.,779,1
7022,OTRAS ACTIVIDADES DE CONSULTORÍA DE GESTIÓN EMPRESARIAL,780,1
1812,OTRAS ACTIVIDADES DE IMPRESIÓN Y ARTES GRÁFICAS,781,1
8129,OTRAS ACTIVIDADES DE LIMPIEZA,782,1
8122,OTRAS ACTIVIDADES DE LIMPIEZA INDUSTRIAL Y DE EDIFICIOS,783,1
889,OTRAS ACTIVIDADES DE SERVICIOS SOCIALES SIN ALOJAMIENTO,784,1
8899,OTRAS ACTIVIDADES DE SERVICIOS SOCIALES SIN ALOJAMIENTO N.C.O.P.,785,1
6190,OTRAS ACTIVIDADES DE TELECOMUNICACIONES,786,1
619,OTRAS ACTIVIDADES DE TELECOMUNICACIONES,787,1
9319,OTRAS ACTIVIDADES DEPORTIVAS,788,1
5819,OTRAS ACTIVIDADES EDITORIALES,789,1
5320,OTRAS ACTIVIDADES POSTALES Y DE CORREOS,790,1
532,OTRAS ACTIVIDADES POSTALES Y DE CORREOS,791,1
74,"OTRAS ACTIVIDADES PROFESIONALES, CIENTÍFICAS Y TÉCNICAS",792,1
7490,"OTRAS ACTIVIDADES PROFESIONALES, CIENTÍFICAS Y TÉCNICAS N.C.O.P.",793,1
749,"OTRAS ACTIVIDADES PROFESIONALES, CIENTÍFICAS Y TÉCNICAS N.C.O.P.",794,1
9329,OTRAS ACTIVIDADES RECREATIVAS Y DE ENTRETENIMIENTO,795,1
8690,OTRAS ACTIVIDADES SANITARIAS,796,1
869,OTRAS ACTIVIDADES SANITARIAS,797,1
0149,OTRAS EXPLOTACIONES DE GANADO,798,1
08,OTRAS INDUSTRIAS EXTRACTIVAS,799,1
0899,OTRAS INDUSTRIAS EXTRACTIVAS N.C.O.P.,800,1
32,OTRAS INDUSTRIAS MANUFACTURERAS,801,1
3299,OTRAS INDUSTRIAS MANUFACTURERAS N.C.O.P.,802,1
4329,OTRAS INSTALACIONES EN OBRAS DE CONSTRUCCIÓN,803,1
4339,OTRO ACABADO DE EDIFICIOS,804,1
467,OTRO COMERCIO AL POR MAYOR ESPECIALIZADO,805,1
4778,OTRO COMERCIO AL POR MENOR DE ARTÍCULOS NUEVOS EN ESTABLECIMIENTOS ESPECIALIZADOS,806,1
4729,OTRO COMERCIO AL POR MENOR DE PRODUCTOS ALIMENTICIOS EN ESTABLECIMIENTOS ESPECIALIZADOS,807,1
4719,OTRO COMERCIO AL POR MENOR EN ESTABLECIMIENTOS NO ESPECIALIZADOS,808,1
4799,"OTRO COMERCIO AL POR MENOR NO REALIZADO NI EN ESTABLECIMIENTOS, NI EN PUESTOS DE VENTA NI EN MERCADILLOS",809,1
1039,OTRO PROCESADO Y CONSERVACIÓN DE FRUTAS Y HORTALIZAS,810,1
493,OTRO TRANSPORTE TERRESTRE DE PASAJEROS,811,1
5590,OTROS ALOJAMIENTOS,812,1
559,OTROS ALOJAMIENTOS,813,1
0119,OTROS CULTIVOS NO PERENNES,814,1
0129,OTROS CULTIVOS PERENNES,815,1
S,OTROS SERVICIOS,816,1
5629,OTROS SERVICIOS DE COMIDAS,817,1
639,OTROS SERVICIOS DE INFORMACIÓN,818,1
6399,OTROS SERVICIOS DE INFORMACIÓN N.C.O.P.,819,1
7990,OTROS SERVICIOS DE RESERVAS Y ACTIVIDADES RELACIONADAS CON LOS MISMOS,820,1
799,OTROS SERVICIOS DE RESERVAS Y ACTIVIDADES RELACIONADAS CON LOS MISMOS,821,1
649,"OTROS SERVICIOS FINANCIEROS, EXCEPTO SEGUROS Y FONDOS DE PENSIONES",822,1
6499,"OTROS SERVICIOS FINANCIEROS, EXCEPTO SEGUROS Y FONDOS DE PENSIONES N.C.O.P.",823,1
96,OTROS SERVICIOS PERSONALES,824,1
960,OTROS SERVICIOS PERSONALES,825,1
9609,OTROS SERVICIOS PERSONALES N.C.O.P.,826,1
6209,OTROS SERVICIOS RELACIONADOS CON LAS TECNOLOGÍAS DE LA INFORMACIÓN Y LA INFORMÁTICA,827,1
4939,OTROS TIPOS DE TRANSPORTE TERRESTRE DE PASAJEROS N.C.O.P.,828,1
9602,PELUQUERÍA Y OTROS TRATAMIENTOS DE BELLEZA,829,1
4313,PERFORACIONES Y SONDEOS,830,1
031,PESCA,831,1
0312,PESCA EN AGUA DULCE,832,1
0311,PESCA MARINA,833,1
03,PESCA Y ACUICULTURA,834,1
4334,PINTURA Y ACRISTALAMIENTO,835,1
9603,POMPAS FÚNEBRES Y ACTIVIDADES RELACIONADAS,836,1
6312,PORTALES WEB,837,1
151,"PREPARACIÓN, CURTIDO Y ACABADO DEL CUERO, FABRICACIÓN DE ARTÍCULOS DE MARROQUINERÍA, VIAJE Y DE GUARNICIONERÍA Y TALABARTERÍA, PREPARACIÓN Y TEÑIDO DE PIELES",838,1
1511,"PREPARACIÓN, CURTIDO Y ACABADO DEL CUERO, PREPARACIÓN Y TEÑIDO DE PIELES",839,1
1054,PREPARACIÓN DE LECHE Y OTROS PRODUCTOS LÁCTEOS,840,1
4312,PREPARACIÓN DE TERRENOS,841,1
1310,PREPARACIÓN E HILADO DE FIBRAS TEXTILES,842,1
131,PREPARACIÓN E HILADO DE FIBRAS TEXTILES,843,1
842,PRESTACIÓN DE SERVICIOS A LA COMUNIDAD EN GENERAL,844,1
1021,"PROCESADO DE PESCADOS, CRUSTÁCEOS Y MOLUSCOS",845,1
1011,PROCESADO Y CONSERVACIÓN DE CARNE,846,1
101,PROCESADO Y CONSERVACIÓN DE CARNE Y ELABORACIÓN DE PRODUCTOS CÁRNICOS,847,1
103,PROCESADO Y CONSERVACIÓN DE FRUTAS Y HORTALIZAS,848,1
1031,PROCESADO Y CONSERVACIÓN DE PATATAS,849,1
102,"PROCESADO Y CONSERVACIÓN DE PESCADOS, CRUSTÁCEOS Y MOLUSCOS",850,1
1012,PROCESADO Y CONSERVACIÓN DE VOLATERÍA,851,1
2446,PROCESAMIENTO DE COMBUSTIBLES NUCLEARES,852,1
6311,"PROCESO DE DATOS, HOSTING Y ACTIVIDADES RELACIONADAS",853,1
631,"PROCESO DE DATOS, HOSTING Y ACTIVIDADES RELACIONADAS, PORTALES WEB",854,1
0150,PRODUCCIÓN AGRÍCOLA COMBINADA CON LA PRODUCCIÓN GANADERA,855,1
015,PRODUCCIÓN AGRÍCOLA COMBINADA CON LA PRODUCCIÓN GANADERA,856,1
2442,PRODUCCIÓN DE ALUMINIO,857,1
2444,PRODUCCIÓN DE COBRE,858,1
3518,PRODUCCIÓN DE ENERGÍA ELÉCTRICA DE ORIGEN EÓLICO,859,1
3517,PRODUCCIÓN DE ENERGÍA ELÉCTRICA DE ORIGEN NUCLEAR,860,1
3516,PRODUCCIÓN DE ENERGÍA ELÉCTRICA DE ORIGEN TÉRMICO CONVENCIONAL,861,1
3519,PRODUCCIÓN DE ENERGÍA ELÉCTRICA DE OTROS TIPOS,862,1
3515,PRODUCCIÓN DE ENERGÍA HIDROELÉCTRICA,863,1
3521,PRODUCCIÓN DE GAS,864,1
352,"PRODUCCIÓN DE GAS, DISTRIBUCIÓN POR TUBERÍA DE COMBUSTIBLES GASEOSOS",865,1
2441,PRODUCCIÓN DE METALES PRECIOSOS,866,1
244,PRODUCCIÓN DE METALES PRECIOSOS Y DE OTROS METALES NO FÉRREOS,867,1
2445,PRODUCCIÓN DE OTROS METALES NO FÉRREOS,868,1
2433,PRODUCCIÓN DE PERFILES EN FRÍO POR CONFORMACIÓN CON PLEGADO,869,1
2443,"PRODUCCIÓN DE PLOMO, ZINC Y ESTAÑO",870,1
014,PRODUCCIÓN GANADERA,871,1
351,"PRODUCCIÓN, TRANSPORTE Y DISTRIBUCIÓN DE ENERGÍA ELÉCTRICA",872,1
620,"PROGRAMACIÓN, CONSULTORÍA Y OTRAS ACTIVIDADES RELACIONADAS CON LA INFORMÁTICA",873,1
62,"PROGRAMACIÓN, CONSULTORÍA Y OTRAS ACTIVIDADES RELACIONADAS CON LA INFORMÁTICA",874,1
411,PROMOCIÓN INMOBILIARIA,875,1
4110,PROMOCIÓN INMOBILIARIA,876,1
013,PROPAGACIÓN DE PLANTAS,877,1
0130,PROPAGACIÓN DE PLANTAS,878,1
8425,PROTECCIÓN CIVIL,879,1
5621,PROVISIÓN DE COMIDAS PREPARADAS PARA EVENTOS,880,1
562,PROVISIÓN DE COMIDAS PREPARADAS PARA EVENTOS Y OTROS SERVICIOS DE COMIDAS,881,1
731,PUBLICIDAD,882,1
73,PUBLICIDAD Y ESTUDIOS DE MERCADO,883,1
6520,REASEGUROS,884,1
652,REASEGUROS,885,1
381,RECOGIDA DE RESIDUOS,886,1
3811,RECOGIDA DE RESIDUOS NO PELIGROSOS,887,1
3812,RECOGIDA DE RESIDUOS PELIGROSOS,888,1
38,"RECOGIDA, TRATAMIENTO Y ELIMINACIÓN DE RESIDUOS, VALORIZACIÓN",889,1
370,RECOGIDA Y TRATAMIENTO DE AGUAS RESIDUALES,890,1
37,RECOGIDA Y TRATAMIENTO DE AGUAS RESIDUALES,891,1
3700,RECOGIDA Y TRATAMIENTO DE AGUAS RESIDUALES,892,1
023,"RECOLECCIÓN DE PRODUCTOS SILVESTRES, EXCEPTO MADERA",893,1
0230,"RECOLECCIÓN DE PRODUCTOS SILVESTRES, EXCEPTO MADERA",894,1
192,REFINO DE PETRÓLEO,895,1
1920,REFINO DE PETRÓLEO,896,1
8413,REGULACIÓN DE LA ACTIVIDAD ECONÓMICA Y CONTRIBUCIÓN A SU MAYOR EFICIENCIA,897,1
8412,"REGULACIÓN DE LAS ACTIVIDADES SANITARIAS, EDUCATIVAS Y CULTURALES Y OTROS SERVICIOS SOCIALES, EXCEPTO SEGURIDAD SOCIAL",898,1
7021,RELACIONES PÚBLICAS Y COMUNICACIÓN,899,1
9522,REPARACIÓN DE APARATOS ELECTRODOMÉSTICOS Y DE EQUIPOS PARA EL HOGAR Y EL JARDÍN,900,1
9521,REPARACIÓN DE APARATOS ELECTRÓNICOS DE AUDIO Y VÍDEO DE USO DOMÉSTICO,901,1
9523,REPARACIÓN DE CALZADO Y ARTÍCULOS DE CUERO,902,1
952,REPARACIÓN DE EFECTOS PERSONALES Y ARTÍCULOS DE USO DOMÉSTICO,903,1
9512,REPARACIÓN DE EQUIPOS DE COMUNICACIÓN,904,1
3314,REPARACIÓN DE EQUIPOS ELÉCTRICOS,905,1
3313,REPARACIÓN DE EQUIPOS ELECTRÓNICOS Y ÓPTICOS,906,1
3312,REPARACIÓN DE MAQUINARIA,907,1
9524,REPARACIÓN DE MUEBLES Y ARTÍCULOS DE MENAJE,908,1
95,"REPARACIÓN DE ORDENADORES, EFECTOS PERSONALES Y ARTÍCULOS DE USO DOMÉSTICO",909,1
951,REPARACIÓN DE ORDENADORES Y EQUIPOS DE COMUNICACIÓN,910,1
9511,REPARACIÓN DE ORDENADORES Y EQUIPOS PERIFÉRICOS,911,1
9529,REPARACIÓN DE OTROS EFECTOS PERSONALES Y ARTÍCULOS DE USO DOMÉSTICO,912,1
3319,REPARACIÓN DE OTROS EQUIPOS,913,1
3311,REPARACIÓN DE PRODUCTOS METÁLICOS,914,1
331,"REPARACIÓN DE PRODUCTOS METÁLICOS, MAQUINARIA Y EQUIPO",915,1
9525,REPARACIÓN DE RELOJES Y JOYERÍA,916,1
33,REPARACIÓN E INSTALACIÓN DE MAQUINARIA Y EQUIPO,917,1
3316,REPARACIÓN Y MANTENIMIENTO AERONÁUTICO Y ESPACIAL,918,1
3317,REPARACIÓN Y MANTENIMIENTO DE OTRO MATERIAL DE TRANSPORTE,919,1
3315,REPARACIÓN Y MANTENIMIENTO NAVAL,920,1
1820,REPRODUCCIÓN DE SOPORTES GRABADOS,921,1
182,REPRODUCCIÓN DE SOPORTES GRABADOS,922,1
5610,RESTAURANTES Y PUESTOS DE COMIDAS,923,1
561,RESTAURANTES Y PUESTOS DE COMIDAS,924,1
4333,REVESTIMIENTO DE SUELOS Y PAREDES,925,1
4331,REVOCAMIENTO,926,1
8430,SEGURIDAD SOCIAL OBLIGATORIA,927,1
843,SEGURIDAD SOCIAL OBLIGATORIA,928,1
651,SEGUROS,929,1
6511,SEGUROS DE VIDA,930,1
6512,SEGUROS DISTINTOS DE LOS SEGUROS DE VIDA,931,1
65,"SEGUROS, REASEGUROS Y FONDOS DE PENSIONES, EXCEPTO SEGURIDAD SOCIAL OBLIGATORIA",932,1
3831,SEPARACIÓN Y CLASIFICACIÓN DE MATERIALES,933,1
81,SERVICIOS A EDIFICIOS Y ACTIVIDADES DE JARDINERÍA,934,1
8211,SERVICIOS ADMINISTRATIVOS COMBINADOS,935,1
55,SERVICIOS DE ALOJAMIENTO,936,1
0240,SERVICIOS DE APOYO A LA SILVICULTURA,937,1
024,SERVICIOS DE APOYO A LA SILVICULTURA,938,1
56,SERVICIOS DE COMIDAS Y BEBIDAS,939,1
63,SERVICIOS DE INFORMACIÓN,940,1
4942,SERVICIOS DE MUDANZA,941,1
1813,SERVICIOS DE PREIMPRESIÓN Y PREPARACIÓN DE SOPORTES,942,1
7312,SERVICIOS DE REPRESENTACIÓN DE MEDIOS DE COMUNICACIÓN,943,1
8020,SERVICIOS DE SISTEMAS DE SEGURIDAD,944,1
802,SERVICIOS DE SISTEMAS DE SEGURIDAD,945,1
64,"SERVICIOS FINANCIEROS, EXCEPTO SEGUROS Y FONDOS DE PENSIONES",946,1
8110,SERVICIOS INTEGRALES A EDIFICIOS E INSTALACIONES,947,1
811,SERVICIOS INTEGRALES A EDIFICIOS E INSTALACIONES,948,1
7111,SERVICIOS TÉCNICOS DE ARQUITECTURA,949,1
71,"SERVICIOS TÉCNICOS DE ARQUITECTURA E INGENIERÍA, ENSAYOS Y ANÁLISIS TÉCNICOS",950,1
711,SERVICIOS TÉCNICOS DE ARQUITECTURA E INGENIERÍA Y OTRAS ACTIVIDADES RELACIONADAS CON EL ASESORAMIENTO TÉCNICO,951,1
7112,SERVICIOS TÉCNICOS DE INGENIERÍA Y OTRAS ACTIVIDADES RELACIONADAS CON EL ASESORAMIENTO TÉCNICO,952,1
02,SILVICULTURA Y EXPLOTACIÓN FORESTAL,953,1
021,SILVICULTURA Y OTRAS ACTIVIDADES FORESTALES,954,1
0210,SILVICULTURA Y OTRAS ACTIVIDADES FORESTALES,955,1
E,"SUMINISTRO DE AGUA, ACTIVIDADES DE SANEAMIENTO, GESTIÓN DE RESIDUOS Y DESCONTAMINACIÓN",956,1
D,"SUMINISTRO DE ENERGIA ELECTRICA, GAS, VAPOR Y AIRE ACONDICIONADO",957,1
35,"SUMINISTRO DE ENERGÍA ELÉCTRICA, GAS, VAPOR Y AIRE ACONDICIONADO",958,1
3530,SUMINISTRO DE VAPOR Y AIRE ACONDICIONADO,959,1
353,SUMINISTRO DE VAPOR Y AIRE ACONDICIONADO,960,1
61,TELECOMUNICACIONES,961,1
6120,TELECOMUNICACIONES INALÁMBRICAS,962,1
612,TELECOMUNICACIONES INALÁMBRICAS,963,1
6110,TELECOMUNICACIONES POR CABLE,964,1
611,TELECOMUNICACIONES POR CABLE,965,1
6130,TELECOMUNICACIONES POR SATÉLITE,966,1
613,TELECOMUNICACIONES POR SATÉLITE,967,1
51,TRANSPORTE AÉREO,968,1
5121,TRANSPORTE AÉREO DE MERCANCÍAS,969,1
512,TRANSPORTE AÉREO DE MERCANCÍAS Y TRANSPORTE ESPACIAL,970,1
5110,TRANSPORTE AÉREO DE PASAJEROS,971,1
511,TRANSPORTE AÉREO DE PASAJEROS,972,1
3512,TRANSPORTE DE ENERGÍA ELÉCTRICA,973,1
4941,TRANSPORTE DE MERCANCÍAS POR CARRETERA,974,1
494,TRANSPORTE DE MERCANCÍAS POR CARRETERA Y SERVICIOS DE MUDANZA,975,1
492,TRANSPORTE DE MERCANCÍAS POR FERROCARRIL,976,1
4920,TRANSPORTE DE MERCANCÍAS POR FERROCARRIL,977,1
504,TRANSPORTE DE MERCANCÍAS POR VÍAS NAVEGABLES INTERIORES,978,1
5040,TRANSPORTE DE MERCANCÍAS POR VÍAS NAVEGABLES INTERIORES,979,1
5030,TRANSPORTE DE PASAJEROS POR VÍAS NAVEGABLES INTERIORES,980,1
503,TRANSPORTE DE PASAJEROS POR VÍAS NAVEGABLES INTERIORES,981,1
5122,TRANSPORTE ESPACIAL,982,1
491,TRANSPORTE INTERURBANO DE PASAJEROS POR FERROCARRIL,983,1
4910,TRANSPORTE INTERURBANO DE PASAJEROS POR FERROCARRIL,984,1
5020,TRANSPORTE MARÍTIMO DE MERCANCÍAS,985,1
502,TRANSPORTE MARÍTIMO DE MERCANCÍAS,986,1
501,TRANSPORTE MARÍTIMO DE PASAJEROS,987,1
5010,TRANSPORTE MARÍTIMO DE PASAJEROS,988,1
50,TRANSPORTE MARÍTIMO Y POR VÍAS NAVEGABLES INTERIORES,989,1
4932,TRANSPORTE POR TAXI,990,1
495,TRANSPORTE POR TUBERÍA,991,1
4950,TRANSPORTE POR TUBERÍA,992,1
4931,TRANSPORTE TERRESTRE URBANO Y SUBURBANO DE PASAJEROS,993,1
49,TRANSPORTE TERRESTRE Y POR TUBERÍA,994,1
H,TRANSPORTE Y ALMACENAMIENTO,995,1
0164,TRATAMIENTO DE SEMILLAS PARA REPRODUCCIÓN,996,1
382,TRATAMIENTO Y ELIMINACIÓN DE RESIDUOS,997,1
3821,TRATAMIENTO Y ELIMINACIÓN DE RESIDUOS NO PELIGROSOS,998,1
3822,TRATAMIENTO Y ELIMINACIÓN DE RESIDUOS PELIGROSOS,999,1
2561,TRATAMIENTO Y REVESTIMIENTO DE METALES,1000,1
256,"TRATAMIENTO Y REVESTIMIENTO DE METALES, INGENIERÍA MECÁNICA POR CUENTA DE TERCEROS",1001,1
2434,TREFILADO EN FRÍO,1002,1
383,VALORIZACIÓN,1003,1
3832,VALORIZACIÓN DE MATERIALES YA CLASIFICADOS,1004,1
4511,VENTA DE AUTOMÓVILES Y VEHÍCULOS DE MOTOR LIGEROS,1005,1
4519,VENTA DE OTROS VEHÍCULOS DE MOTOR,1006,1
451,VENTA DE VEHÍCULOS DE MOTOR,1007,1
454,"VENTA, MANTENIMIENTO Y REPARACIÓN DE MOTOCICLETAS Y DE SUS REPUESTOS Y ACCESORIOS",1008,1
4540,"VENTA, MANTENIMIENTO Y REPARACIÓN DE MOTOCICLETAS Y DE SUS REPUESTOS Y ACCESORIOS",1009,1
45,VENTA Y REPARACIÓN DE VEHÍCULOS DE MOTOR Y MOTOCICLETAS,1010,1
